subject,run,duration_h,has_ecg
sub-001,01,18.14,True
sub-001,02,5.5,True
sub-001,03,18.05,True
sub-001,04,5.89,True
sub-001,05,17.36,True
sub-001,06,5.61,True
sub-001,07,8.2,True
sub-001,08,14.3,True
sub-001,09,13.52,True
sub-002,01,3.16,True
sub-002,02,6.67,True
sub-002,03,10.86,True
sub-002,04,1.5,True
sub-002,05,21.66,True
sub-002,06,22.46,True
sub-002,07,1.2,True
sub-002,08,13.21,True
sub-002,09,7.98,True
sub-002,10,1.73,True
sub-002,11,4.38,True
sub-002,12,4.39,True
sub-003,01,17.89,True
sub-003,02,2.2,True
sub-003,03,2.47,True
sub-003,04,21.05,True
sub-003,05,2.3,True
sub-003,06,21.41,True
sub-003,07,1.98,True
sub-003,08,21.97,True
sub-003,09,1.92,True
sub-003,10,21.73,True
sub-004,01,18.5,True
sub-005,01,17.02,True
sub-005,02,0.85,True
sub-005,03,2.75,True
sub-005,04,1.61,True
sub-005,05,4.87,True
sub-005,06,2.51,True
sub-005,07,2.3,True
sub-005,08,5.41,True
sub-005,09,1.8,True
sub-005,10,1.88,True
sub-005,11,6.5,True
sub-005,12,14.49,True
sub-005,13,1.08,True
sub-005,14,0.46,True
sub-005,15,0.42,True
sub-005,16,0.66,True
sub-005,17,1.85,True
sub-005,18,19.28,True
sub-005,19,13.28,True
sub-005,20,1.2,True
sub-005,21,1.29,True
sub-005,22,1.91,True
sub-005,23,10.05,True
sub-005,24,1.4,True
sub-005,25,0.35,True
sub-005,26,5.99,True
sub-006,01,7.27,True
sub-006,02,8.87,True
sub-006,03,5.56,True
sub-006,04,18.02,True
sub-006,05,4.72,True
sub-006,06,18.17,True
sub-006,07,5.02,True
sub-006,08,18.52,True
sub-006,09,5.09,True
sub-006,10,18.31,True
sub-007,01,19.4,True
sub-007,02,3.96,True
sub-007,03,19.74,True
sub-007,04,4.18,True
sub-007,05,21.18,True
sub-008,01,2.93,True
sub-008,02,17.06,True
sub-008,03,3.28,True
sub-008,04,20.7,True
sub-008,05,2.85,True
sub-008,06,20.51,True
sub-008,07,3.14,True
sub-008,08,20.73,True
sub-008,09,1.19,True
sub-008,10,0.89,True
sub-008,11,20.86,True
sub-009,01,20.19,True
sub-009,02,2.2,True
sub-009,03,21.43,True
sub-009,04,2.2,True
sub-009,05,21.23,True
sub-009,06,2.26,True
sub-009,07,21.7,True
sub-009,08,2.3,True
sub-009,09,3.51,True
sub-009,10,2.41,True
sub-010,01,4.55,True
sub-010,02,15.86,True
sub-010,03,2.49,True
sub-010,04,21.78,True
sub-010,05,1.74,True
sub-010,06,21.56,True
sub-010,07,2.11,True
sub-010,08,3.79,True
sub-010,09,17.58,True
sub-010,10,3.56,True
sub-010,11,7.08,True
sub-011,01,17.89,True
sub-011,02,5.81,True
sub-011,03,11.41,True
sub-011,04,6.92,True
sub-011,05,0.88,True
sub-011,06,3.07,True
sub-011,07,19.24,True
sub-011,08,2.87,True
sub-011,09,21.57,True
sub-011,10,1.95,True
sub-011,11,21.7,True
sub-012,01,20.05,True
sub-012,02,2.49,True
sub-012,03,21.5,True
sub-012,04,1.98,True
sub-012,05,5.53,True
sub-012,06,13.95,True
sub-012,07,1.63,True
sub-012,08,21.43,True
sub-012,09,3.26,True
sub-012,10,22.09,True
sub-013,01,19.27,True
sub-014,01,22.58,True
sub-014,02,0.74,True
sub-014,03,6.61,True
sub-014,04,14.92,True
sub-014,05,1.03,True
sub-014,06,4.89,True
sub-015,01,20.89,True
sub-015,02,2.62,True
sub-015,03,0.98,True
sub-015,04,20.17,True
sub-015,05,0.86,True
sub-015,06,22.43,True
sub-015,07,0.78,True
sub-015,08,1.97,True
sub-015,09,17.91,True
sub-016,01,20.72,True
sub-016,02,4.06,False
sub-016,03,23.21,True
sub-017,01,6.12,True
sub-017,02,14.53,True
sub-017,03,4.14,True
sub-017,04,19.87,True
sub-017,05,1.8,True
sub-017,06,22.54,True
sub-017,07,0.45,True
sub-017,08,22.5,True
sub-017,09,0.94,True
sub-017,10,22.39,True
sub-018,01,20.94,True
sub-018,02,2.71,True
sub-018,03,15.6,True
sub-018,04,4.98,True
sub-018,05,2.96,True
sub-018,06,20.81,True
sub-018,07,2.4,True
sub-018,08,20.84,True
sub-018,09,2.88,True
sub-018,10,20.96,True
sub-019,01,21.24,True
sub-019,02,2.55,True
sub-019,03,21.31,True
sub-019,04,1.88,True
sub-019,05,21.89,True
sub-019,06,6.75,True
sub-019,07,22.0,True
sub-019,08,2.33,True
sub-019,09,21.13,True
sub-020,01,19.95,True
sub-020,02,3.15,True
sub-020,03,20.82,True
sub-020,04,2.88,True
sub-020,05,20.71,True
sub-020,06,2.41,True
sub-020,07,21.28,True
sub-020,08,1.64,True
sub-020,09,22.84,True
sub-021,01,3.8,True
sub-021,02,16.41,True
sub-021,03,2.8,True
sub-021,04,20.73,True
sub-021,05,1.97,True
sub-021,06,21.54,True
sub-021,07,2.77,True
sub-021,08,20.89,True
sub-021,09,20.86,True
sub-022,01,21.47,True
sub-022,02,2.4,True
sub-022,03,1.29,True
sub-022,04,18.48,True
sub-022,05,2.46,True
sub-022,06,21.47,True
sub-022,07,2.55,True
sub-022,08,20.96,True
sub-022,09,2.51,True
sub-022,10,4.46,True
sub-022,11,15.4,True
sub-023,01,20.14,True
sub-023,02,3.37,True
sub-023,03,20.49,True
sub-023,04,1.84,True
sub-023,05,21.47,True
sub-023,06,2.39,True
sub-023,07,21.24,True
sub-023,08,2.42,True
sub-023,09,6.88,True
sub-024,01,21.6,True
sub-024,02,5.35,True
sub-024,03,18.13,True
sub-024,04,5.8,True
sub-024,05,19.24,True
sub-024,06,4.33,True
sub-024,07,19.14,True
sub-024,08,6.01,True
sub-024,09,17.8,True
sub-025,01,19.49,True
sub-025,02,3.53,True
sub-025,03,1.4,True
sub-025,04,17.6,True
sub-025,05,3.64,True
sub-025,06,9.5,True
sub-025,07,3.1,True
sub-025,08,7.17,True
sub-025,09,3.75,True
sub-025,10,19.89,True
sub-025,11,3.72,True
sub-025,12,5.23,True
sub-026,01,0.77,True
sub-026,02,19.25,True
sub-026,03,3.64,True
sub-026,04,20.22,True
sub-026,05,3.88,True
sub-026,06,1.4,True
sub-026,07,16.95,True
sub-026,08,4.28,True
sub-026,09,20.14,True
sub-027,01,19.79,True
sub-027,02,4.15,True
sub-027,03,20.35,True
sub-027,04,3.86,True
sub-027,05,20.8,True
sub-027,06,3.01,True
sub-027,07,19.59,True
sub-027,08,3.95,True
sub-027,09,5.47,True
sub-028,01,1.65,True
sub-028,02,17.23,True
sub-028,03,3.67,True
sub-028,04,20.16,True
sub-028,05,2.69,True
sub-028,06,19.58,True
sub-028,07,2.95,True
sub-028,08,20.55,True
sub-029,01,17.83,True
sub-029,02,0.35,True
sub-029,03,5.45,True
sub-029,04,17.67,True
sub-029,05,5.68,True
sub-029,06,17.81,True
sub-029,07,9.81,True
sub-029,08,18.44,True
sub-029,09,5.11,True
sub-029,10,18.75,True
sub-030,01,21.31,True
sub-030,02,2.47,True
sub-030,03,21.0,True
sub-030,04,4.42,True
sub-030,05,20.86,True
sub-030,06,3.02,True
sub-030,07,20.68,True
sub-030,08,2.0,True
sub-030,09,21.65,True
sub-031,01,2.75,True
sub-031,02,15.46,True
sub-031,03,18.51,True
sub-031,04,5.6,True
sub-031,05,18.23,True
sub-031,06,5.09,True
sub-031,07,14.53,True
sub-031,08,4.47,True
sub-031,09,4.48,True
sub-031,10,18.21,True
sub-032,01,9.27,True
sub-032,02,10.3,True
sub-032,03,3.44,True
sub-032,04,20.55,True
sub-032,05,0.82,True
sub-032,06,3.38,True
sub-032,07,7.4,True
sub-032,08,10.33,True
sub-032,09,6.11,True
sub-032,10,16.87,True
sub-032,11,0.47,True
sub-033,01,7.47,True
sub-033,02,13.6,True
sub-033,03,0.48,True
sub-033,04,1.04,True
sub-033,05,10.45,True
sub-033,06,10.97,True
sub-033,07,2.02,True
sub-033,08,21.51,True
sub-033,09,2.96,True
sub-033,10,8.48,True
sub-033,11,12.19,True
sub-033,12,2.98,True
sub-033,13,19.19,True
sub-034,01,1.66,True
sub-034,02,6.31,True
sub-034,03,11.6,True
sub-034,04,0.65,True
sub-034,05,1.98,True
sub-034,06,0.57,True
sub-034,07,18.72,True
sub-034,08,5.36,True
sub-034,09,18.11,True
sub-034,10,1.78,True
sub-034,11,2.37,True
sub-034,12,18.44,True
sub-034,13,4.72,True
sub-034,14,3.04,True
sub-035,01,2.6,True
sub-035,02,5.69,True
sub-035,03,9.97,True
sub-035,04,1.37,True
sub-035,05,0.91,True
sub-035,06,8.29,True
sub-035,07,11.23,True
sub-035,08,4.21,True
sub-035,09,5.82,True
sub-035,10,3.47,True
sub-035,11,10.36,True
sub-035,12,0.53,True
sub-035,13,2.72,True
sub-035,14,5.13,True
sub-036,01,20.1,True
sub-037,01,21.13,True
sub-038,01,22.16,True
sub-038,02,0.75,True
sub-038,03,23.01,True
sub-038,04,1.05,True
sub-038,05,23.16,True
sub-038,06,0.64,True
sub-038,07,24.22,True
sub-039,01,20.58,True
sub-039,02,2.83,True
sub-039,03,0.85,True
sub-039,04,18.86,True
sub-039,05,1.4,True
sub-039,06,23.39,True
sub-039,07,0.74,True
sub-039,08,4.46,True
sub-039,09,18.78,True
sub-040,01,5.76,True
sub-040,02,15.3,True
sub-040,03,0.97,True
sub-040,04,21.15,True
sub-040,05,10.53,True
sub-041,01,20.98,True
sub-042,01,4.37,False
sub-042,02,1.09,False
sub-042,03,6.19,True
sub-042,04,17.06,True
sub-042,05,2.36,True
sub-042,06,5.79,False
sub-042,07,16.6,False
sub-042,08,13.0,True
sub-042,09,3.07,True
sub-042,10,3.63,True
sub-043,01,3.39,True
sub-043,02,14.08,True
sub-043,03,3.46,True
sub-043,04,4.62,True
sub-043,05,15.11,True
sub-043,06,1.83,True
sub-043,07,1.94,True
sub-043,08,16.77,True
sub-043,09,6.51,True
sub-043,10,16.86,True
sub-043,11,3.09,True
sub-044,01,19.54,True
sub-044,02,4.18,True
sub-044,03,19.43,True
sub-044,04,2.7,True
sub-044,05,20.78,True
sub-044,06,2.42,True
sub-044,07,22.37,True
sub-044,08,1.46,True
sub-044,09,6.52,True
sub-045,01,20.45,True
sub-045,02,3.91,True
sub-045,03,0.77,True
sub-045,04,18.3,True
sub-045,05,5.36,True
sub-045,06,19.21,True
sub-045,07,4.47,True
sub-045,08,20.25,True
sub-045,09,1.42,True
sub-045,10,3.04,True
sub-046,01,18.29,True
sub-046,02,4.89,True
sub-046,03,18.76,True
sub-046,04,3.99,True
sub-046,05,20.21,True
sub-046,06,4.36,True
sub-046,07,19.41,True
sub-046,08,4.23,True
sub-046,09,3.52,True
sub-047,01,1.93,True
sub-047,02,17.24,True
sub-047,03,3.85,True
sub-047,04,20.13,True
sub-047,05,3.48,True
sub-047,06,4.17,True
sub-047,07,17.55,True
sub-048,01,9.44,True
sub-048,02,13.61,True
sub-048,03,10.13,True
sub-048,04,13.67,True
sub-048,05,10.06,False
sub-048,06,12.51,False
sub-048,07,10.61,True
sub-048,08,10.38,True
sub-049,01,11.21,True
sub-049,02,9.97,False
sub-049,03,13.99,False
sub-049,04,9.38,False
sub-049,05,13.55,False
sub-049,06,6.74,False
sub-049,07,16.1,True
sub-050,01,13.08,True
sub-050,02,9.48,True
sub-050,03,14.73,True
sub-050,04,9.09,True
sub-050,05,13.92,True
sub-050,06,9.8,True
sub-051,01,13.25,True
sub-051,02,9.77,True
sub-051,03,4.5,True
sub-052,01,9.01,True
sub-052,02,8.9,True
sub-052,03,15.83,True
sub-052,04,6.27,True
sub-052,05,15.75,True
sub-052,06,6.79,True
sub-052,07,10.55,True
sub-052,08,9.2,True
sub-053,01,7.38,True
sub-053,02,9.32,True
sub-053,03,9.09,True
sub-054,01,8.93,True
sub-054,02,13.63,True
sub-054,03,10.11,True
sub-054,04,15.76,False
sub-054,05,2.43,False
sub-054,06,14.52,True
sub-054,07,9.72,True
sub-055,01,12.56,True
sub-055,02,15.78,True
sub-055,03,13.88,True
sub-056,01,9.08,True
sub-056,02,15.53,True
sub-056,03,9.49,True
sub-056,04,17.74,True
sub-056,05,10.9,True
sub-057,01,4.8,True
sub-057,02,20.32,True
sub-057,03,3.54,True
sub-057,04,19.62,True
sub-057,05,4.13,True
sub-057,06,8.82,True
sub-058,01,10.17,True
sub-058,02,9.78,False
sub-059,01,9.2,True
sub-059,02,14.37,True
sub-059,03,9.62,True
sub-059,04,13.99,True
sub-060,01,6.54,True
sub-060,02,18.77,True
sub-060,03,5.13,True
sub-060,04,18.03,True
sub-061,01,9.05,False
sub-061,02,15.33,False
sub-061,03,8.55,True
sub-061,04,15.78,True
sub-061,05,8.11,True
sub-061,06,16.28,True
sub-061,07,7.53,True
sub-061,08,9.51,True
sub-062,01,9.93,True
sub-062,02,14.37,True
sub-062,03,9.92,True
sub-062,04,14.56,True
sub-062,05,9.49,True
sub-062,06,9.04,True
sub-063,01,11.5,True
sub-063,02,13.36,True
sub-063,03,10.4,True
sub-063,04,14.88,True
sub-063,05,8.88,True
sub-063,06,8.85,True
sub-064,01,9.51,True
sub-064,02,21.26,True
sub-064,03,10.53,True
sub-065,01,4.13,False
sub-065,02,10.85,False
sub-065,03,7.78,False
sub-065,04,3.0,True
sub-065,05,10.95,True
sub-065,06,10.84,True
sub-065,07,0.49,True
sub-065,08,8.47,True
sub-065,09,5.42,True
sub-065,10,10.06,True
sub-065,11,0.7,True
sub-065,12,10.96,True
sub-065,13,1.73,True
sub-065,14,2.79,True
sub-066,01,0.58,True
sub-066,02,10.86,True
sub-066,03,0.65,True
sub-066,04,10.07,True
sub-066,05,1.1,True
sub-066,06,10.93,True
sub-066,07,8.94,True
sub-066,08,2.06,True
sub-066,09,10.85,True
sub-066,10,3.37,True
sub-066,11,8.4,True
sub-066,12,2.58,True
sub-066,13,10.86,True
sub-066,14,8.96,True
sub-066,15,4.42,True
sub-066,16,7.81,True
sub-066,17,0.77,True
sub-066,18,10.83,True
sub-066,19,3.77,True
sub-067,01,6.21,True
sub-067,02,4.62,True
sub-067,03,7.26,True
sub-067,04,5.68,True
sub-067,05,11.86,True
sub-068,01,6.32,True
sub-068,02,3.65,True
sub-068,03,7.26,True
sub-068,04,0.59,True
sub-068,05,10.9,True
sub-068,06,6.78,True
sub-068,07,2.65,True
sub-068,08,1.36,True
sub-068,09,2.6,True
sub-068,10,0.4,True
sub-068,11,6.55,True
sub-068,12,4.0,True
sub-069,01,5.82,True
sub-069,02,5.83,True
sub-069,03,5.83,True
sub-069,04,4.15,True
sub-069,05,5.82,True
sub-069,06,5.83,True
sub-069,07,5.83,True
sub-069,08,4.27,True
sub-069,09,5.83,True
sub-069,10,5.82,True
sub-069,11,5.82,True
sub-069,12,4.92,True
sub-069,13,5.82,True
sub-069,14,5.82,True
sub-069,15,5.82,True
sub-069,16,4.93,True
sub-069,17,5.82,True
sub-069,18,5.82,True
sub-069,19,5.83,True
sub-069,20,3.6,True
sub-069,21,2.08,True
sub-069,22,5.82,True
sub-069,23,5.83,True
sub-069,24,5.82,True
sub-069,25,4.06,True
sub-069,26,5.83,True
sub-069,27,5.82,True
sub-069,28,5.82,True
sub-069,29,4.02,True
sub-069,30,3.19,True
sub-069,31,2.46,True
sub-069,32,5.82,True
sub-069,33,5.46,True
sub-069,34,5.83,True
sub-069,35,5.82,True
sub-069,36,5.82,True
sub-069,37,4.5,True
sub-070,01,5.82,True
sub-070,02,5.83,True
sub-070,03,5.82,True
sub-070,04,4.26,True
sub-070,05,4.26,True
sub-070,06,5.82,True
sub-070,07,4.63,True
sub-070,08,5.82,True
sub-070,09,5.83,True
sub-070,10,5.09,True
sub-070,11,5.82,True
sub-070,12,5.83,True
sub-070,13,5.83,True
sub-070,14,5.65,True
sub-070,15,5.82,True
sub-070,16,5.83,True
sub-070,17,5.82,True
sub-070,18,5.83,True
sub-070,19,3.46,True
sub-070,20,5.83,True
sub-070,21,5.83,True
sub-070,22,5.83,True
sub-070,23,4.62,True
sub-070,24,5.83,True
sub-070,25,2.35,True
sub-070,26,5.82,True
sub-070,27,2.54,True
sub-071,01,1.9,True
sub-071,02,5.82,True
sub-071,03,5.83,True
sub-071,04,5.82,True
sub-071,05,3.87,True
sub-071,06,5.82,True
sub-071,07,5.83,True
sub-071,08,5.83,True
sub-071,09,3.71,True
sub-071,10,1.98,True
sub-071,11,5.82,True
sub-071,12,5.82,True
sub-071,13,5.81,True
sub-071,14,5.83,True
sub-071,15,5.83,True
sub-071,16,2.43,True
sub-071,17,5.82,True
sub-071,18,5.82,True
sub-071,19,4.68,True
sub-071,20,5.82,True
sub-071,21,5.82,True
sub-071,22,3.73,True
sub-071,23,1.96,True
sub-071,24,5.82,True
sub-071,25,5.82,True
sub-071,26,5.83,True
sub-071,27,4.97,True
sub-071,28,5.83,True
sub-071,29,5.83,True
sub-071,30,5.83,True
sub-071,31,4.26,True
sub-071,32,2.11,True
sub-071,33,3.54,True
sub-071,34,5.82,True
sub-071,35,5.83,True
sub-071,36,5.82,True
sub-071,37,5.83,True
sub-071,38,5.82,True
sub-071,39,4.28,True
sub-072,01,5.83,True
sub-072,02,5.83,True
sub-072,03,5.83,True
sub-072,04,3.28,True
sub-072,05,5.83,True
sub-072,06,5.83,True
sub-072,07,5.83,True
sub-072,08,3.33,True
sub-072,09,2.37,True
sub-072,10,5.83,True
sub-072,11,5.83,True
sub-072,12,5.83,True
sub-072,13,0.88,True
sub-072,14,2.76,True
sub-072,15,2.07,True
sub-072,16,5.83,True
sub-072,17,5.83,True
sub-072,18,5.83,True
sub-072,19,2.84,True
sub-072,20,2.84,True
sub-072,21,5.83,True
sub-072,22,5.97,True
sub-072,23,5.83,True
sub-072,24,2.7,True
sub-072,25,2.22,True
sub-072,26,5.83,True
sub-072,27,5.83,True
sub-072,28,1.52,True
sub-073,01,5.98,True
sub-073,02,5.99,True
sub-073,03,5.99,True
sub-073,04,5.97,True
sub-073,05,1.21,True
sub-073,06,5.99,True
sub-073,07,2.21,True
sub-073,08,3.66,True
sub-073,09,5.99,True
sub-073,10,5.06,True
sub-073,11,0.94,True
sub-073,12,5.99,True
sub-073,13,5.99,True
sub-073,14,5.99,True
sub-073,15,3.54,True
sub-073,16,2.46,True
sub-073,17,5.99,True
sub-073,18,5.99,True
sub-073,19,5.99,True
sub-073,20,0.15,True
sub-073,21,1.82,False
sub-073,22,4.18,True
sub-073,23,5.98,True
sub-073,24,5.98,True
sub-073,25,4.33,True
sub-073,26,1.68,True
sub-073,27,5.65,True
sub-073,28,0.34,True
sub-073,29,0.18,True
sub-073,30,5.79,True
sub-073,31,5.98,True
sub-073,32,5.7,True
sub-073,33,0.36,True
sub-073,34,5.98,True
sub-073,35,6.0,True
sub-073,36,5.98,True
sub-073,37,3.67,True
sub-073,38,2.32,True
sub-073,39,4.21,True
sub-073,40,4.25,True
sub-073,41,1.73,True
sub-073,42,6.0,True
sub-073,43,5.11,True
sub-073,44,0.91,True
sub-073,45,5.99,True
sub-073,46,5.99,True
sub-073,47,6.0,True
sub-073,48,5.8,True
sub-073,49,5.99,True
sub-073,50,5.99,True
sub-073,51,5.99,True
sub-073,52,5.13,True
sub-073,53,0.87,True
sub-073,54,5.99,True
sub-073,55,5.98,True
sub-073,56,5.99,True
sub-073,57,5.99,True
sub-073,58,5.91,True
sub-073,59,5.73,True
sub-073,60,0.23,True
sub-073,61,5.99,True
sub-073,62,5.98,True
sub-074,01,1.47,True
sub-074,02,5.98,True
sub-074,03,5.83,True
sub-074,04,3.79,True
sub-074,05,1.9,True
sub-074,06,5.83,True
sub-074,07,5.83,True
sub-074,08,5.82,True
sub-074,09,3.4,True
sub-074,10,2.28,True
sub-074,11,5.82,True
sub-074,12,5.83,True
sub-074,13,5.82,True
sub-074,14,5.83,True
sub-074,15,2.32,True
sub-074,16,5.83,True
sub-074,17,5.82,True
sub-074,18,5.82,True
sub-074,19,4.16,True
sub-074,20,5.83,True
sub-074,21,5.83,True
sub-074,22,5.83,True
sub-074,23,3.0,True
sub-074,24,2.67,True
sub-074,25,5.83,True
sub-074,26,5.82,True
sub-074,27,5.83,True
sub-074,28,3.97,True
sub-074,29,5.82,True
sub-074,30,5.83,True
sub-074,31,5.82,True
sub-074,32,3.26,True
sub-075,01,5.99,True
sub-075,02,5.82,True
sub-075,03,5.82,True
sub-075,04,5.82,True
sub-075,05,4.96,True
sub-075,06,5.82,True
sub-075,07,1.29,True
sub-075,08,2.93,True
sub-075,09,1.26,True
sub-075,10,5.82,True
sub-075,11,2.61,True
sub-075,12,2.34,True
sub-075,13,3.34,True
sub-075,14,1.36,True
sub-075,15,1.29,True
sub-075,16,4.36,True
sub-075,17,5.82,True
sub-075,18,3.68,True
sub-075,19,2.38,True
sub-075,20,5.83,True
sub-075,21,5.82,True
sub-075,22,5.82,True
sub-075,23,5.83,True
sub-075,24,5.82,True
sub-075,25,1.89,True
sub-075,26,3.5,True
sub-075,27,4.78,False
sub-075,28,5.82,True
sub-075,29,4.45,True
sub-075,30,5.82,True
sub-075,31,4.82,True
sub-075,32,5.82,True
sub-075,33,5.99,True
sub-075,34,5.82,True
sub-075,35,5.22,True
sub-075,36,5.82,True
sub-075,37,5.82,True
sub-075,38,5.83,True
sub-075,39,4.76,True
sub-075,40,5.83,True
sub-075,41,5.82,True
sub-075,42,5.83,True
sub-075,43,1.84,True
sub-075,44,1.85,True
sub-075,45,5.82,True
sub-075,46,5.37,True
sub-075,47,5.83,True
sub-075,48,4.28,True
sub-075,49,2.72,True
sub-076,01,0.54,True
sub-076,02,5.27,True
sub-076,03,2.75,True
sub-076,04,2.86,True
sub-076,05,5.83,True
sub-076,06,2.58,True
sub-076,07,3.13,True
sub-076,08,5.82,True
sub-076,09,5.83,True
sub-076,10,5.82,True
sub-076,11,2.67,True
sub-076,12,3.0,True
sub-076,13,5.83,True
sub-076,14,5.83,True
sub-076,15,5.83,True
sub-076,16,2.56,True
sub-076,17,3.12,True
sub-076,18,5.83,True
sub-076,19,4.65,True
sub-076,20,1.0,True
sub-076,21,5.82,True
sub-076,22,2.32,False
sub-077,01,5.98,True
sub-077,02,5.99,True
sub-077,03,5.99,True
sub-077,04,1.7,True
sub-077,05,5.99,True
sub-077,06,4.59,True
sub-077,07,1.39,True
sub-077,08,5.99,True
sub-077,09,4.4,True
sub-077,10,1.62,True
sub-077,11,5.99,True
sub-077,12,5.99,True
sub-077,13,5.99,True
sub-078,01,2.22,True
sub-078,02,5.83,True
sub-078,03,5.83,True
sub-078,04,4.02,True
sub-078,05,5.83,True
sub-078,06,5.82,True
sub-078,07,5.83,True
sub-078,08,3.37,True
sub-078,09,5.83,True
sub-078,10,5.82,True
sub-078,11,5.82,True
sub-078,12,3.09,True
sub-078,13,2.58,True
sub-078,14,5.82,True
sub-078,15,5.83,True
sub-078,16,5.83,True
sub-078,17,3.49,True
sub-078,18,2.19,True
sub-078,19,5.83,True
sub-078,20,5.83,True
sub-078,21,5.82,True
sub-078,22,4.78,True
sub-078,23,5.83,True
sub-078,24,5.83,True
sub-078,25,5.83,True
sub-078,26,4.9,True
sub-078,27,5.83,True
sub-078,28,5.82,True
sub-078,29,5.82,True
sub-078,30,4.55,True
sub-078,31,5.82,True
sub-078,32,5.82,True
sub-078,33,5.82,True
sub-078,34,4.51,True
sub-078,35,2.78,True
sub-078,36,5.83,True
sub-078,37,5.82,True
sub-078,38,5.82,True
sub-078,39,3.34,True
sub-078,40,2.35,True
sub-078,41,5.83,True
sub-078,42,5.83,True
sub-078,43,5.83,True
sub-078,44,3.64,True
sub-078,45,2.07,True
sub-078,46,5.83,True
sub-078,47,5.82,True
sub-078,48,5.82,True
sub-078,49,4.83,True
sub-078,50,5.83,True
sub-078,51,5.83,True
sub-078,52,5.83,True
sub-078,53,4.71,True
sub-078,54,5.82,True
sub-078,55,5.82,True
sub-078,56,5.83,True
sub-078,57,4.41,True
sub-078,58,5.82,True
sub-078,59,5.83,True
sub-078,60,5.82,True
sub-078,61,5.43,True
sub-078,62,5.82,True
sub-078,63,5.82,True
sub-078,64,5.83,True
sub-078,65,4.62,True
sub-078,66,5.83,True
sub-078,67,5.83,True
sub-078,68,5.82,True
sub-078,69,4.2,True
sub-078,70,5.82,True
sub-078,71,5.83,True
sub-078,72,5.82,True
sub-078,73,4.89,True
sub-078,74,5.83,True
sub-078,75,5.82,True
sub-078,76,5.82,True
sub-078,77,1.36,True
sub-079,01,5.83,True
sub-079,02,5.99,True
sub-079,03,5.99,True
sub-079,04,3.22,True
sub-079,05,2.8,True
sub-079,06,5.98,True
sub-079,07,5.99,True
sub-079,08,5.98,True
sub-079,09,4.15,True
sub-079,10,1.86,True
sub-079,11,5.99,True
sub-079,12,6.0,True
sub-079,13,5.98,True
sub-079,14,4.33,True
sub-079,15,1.71,True
sub-079,16,5.98,True
sub-079,17,6.0,True
sub-079,18,5.99,True
sub-079,19,3.96,True
sub-079,20,1.73,True
sub-080,01,5.82,True
sub-080,02,5.83,True
sub-080,03,5.83,True
sub-080,04,3.36,True
sub-080,05,2.31,True
sub-080,06,5.82,True
sub-080,07,5.83,True
sub-080,08,5.83,True
sub-080,09,3.5,True
sub-080,10,2.16,True
sub-080,11,5.83,True
sub-080,12,5.83,True
sub-080,13,5.83,True
sub-080,14,4.04,True
sub-080,15,5.82,True
sub-080,16,5.83,True
sub-080,17,5.82,True
sub-080,18,1.92,True
sub-080,19,3.75,True
sub-080,20,5.83,True
sub-080,21,5.83,True
sub-080,22,5.83,True
sub-080,23,5.03,False
sub-080,24,5.83,True
sub-080,25,5.83,True
sub-080,26,5.83,True
sub-080,27,2.79,True
sub-080,28,2.89,True
sub-080,29,5.82,True
sub-080,30,5.83,True
sub-080,31,5.83,True
sub-081,01,0.93,True
sub-081,02,0.99,True
sub-081,03,0.98,True
sub-081,04,0.99,True
sub-081,05,0.99,True
sub-081,06,0.99,True
sub-081,07,0.99,True
sub-081,08,0.99,True
sub-081,09,0.99,True
sub-081,100,0.99,True
sub-081,101,0.99,True
sub-081,10,0.98,True
sub-081,11,0.98,True
sub-081,12,0.98,True
sub-081,13,0.99,True
sub-081,14,0.99,True
sub-081,15,0.98,True
sub-081,16,1.78,True
sub-081,17,0.99,True
sub-081,18,0.46,True
sub-081,19,2.14,True
sub-081,20,0.18,True
sub-081,21,0.95,True
sub-081,22,0.98,True
sub-081,23,1.0,True
sub-081,24,0.99,True
sub-081,25,1.0,True
sub-081,26,0.99,True
sub-081,27,0.99,True
sub-081,28,0.99,True
sub-081,29,0.99,True
sub-081,30,0.98,True
sub-081,31,0.98,True
sub-081,32,0.98,True
sub-081,33,0.99,True
sub-081,34,0.99,True
sub-081,35,0.99,True
sub-081,36,1.09,True
sub-081,37,0.99,True
sub-081,38,0.99,True
sub-081,39,0.98,True
sub-081,40,0.84,True
sub-081,41,0.98,True
sub-081,42,0.98,True
sub-081,43,0.99,True
sub-081,44,0.98,True
sub-081,45,0.4,True
sub-081,46,0.98,True
sub-081,47,0.99,True
sub-081,48,1.0,True
sub-081,49,0.99,True
sub-081,50,0.99,True
sub-081,51,0.98,True
sub-081,52,0.99,True
sub-081,53,0.99,True
sub-081,54,0.99,True
sub-081,55,0.99,True
sub-081,56,0.99,True
sub-081,57,0.99,True
sub-081,58,0.98,True
sub-081,59,0.99,True
sub-081,60,1.36,True
sub-081,61,0.99,True
sub-081,62,1.0,True
sub-081,63,0.98,True
sub-081,64,0.99,True
sub-081,65,0.99,True
sub-081,66,0.98,True
sub-081,67,0.98,True
sub-081,68,0.99,True
sub-081,69,0.99,True
sub-081,70,0.98,True
sub-081,71,0.99,True
sub-081,72,0.99,True
sub-081,73,0.99,True
sub-081,74,0.99,True
sub-081,75,0.99,True
sub-081,76,0.99,True
sub-081,77,0.99,True
sub-081,78,0.99,True
sub-081,79,0.98,True
sub-081,80,0.99,True
sub-081,81,1.16,True
sub-081,82,0.99,True
sub-081,83,1.0,True
sub-081,84,1.0,True
sub-081,85,0.99,True
sub-081,86,0.98,True
sub-081,87,0.99,True
sub-081,88,0.99,True
sub-081,89,0.99,True
sub-081,90,1.0,True
sub-081,91,1.0,True
sub-081,92,0.99,True
sub-081,93,0.98,True
sub-081,94,0.99,True
sub-081,95,0.98,True
sub-081,96,1.0,True
sub-081,97,0.99,True
sub-081,98,0.99,True
sub-081,99,0.99,True
sub-082,01,0.73,True
sub-082,02,9.83,True
sub-082,03,6.83,True
sub-082,04,3.11,True
sub-082,05,1.13,True
sub-082,06,5.12,True
sub-082,07,6.83,True
sub-082,08,5.92,True
sub-082,09,9.83,True
sub-082,10,1.83,True
sub-082,11,9.83,True
sub-082,12,1.83,True
sub-082,13,7.87,True
sub-082,14,0.82,True
sub-082,15,4.83,True
sub-082,16,5.82,True
sub-082,17,0.82,True
sub-082,18,1.87,True
sub-082,19,2.78,True
sub-082,20,5.82,True
sub-082,21,5.83,True
sub-082,22,5.35,True
sub-082,23,0.97,True
sub-083,01,0.99,True
sub-083,02,0.99,True
sub-083,03,0.99,True
sub-083,04,1.09,True
sub-083,05,0.78,True
sub-083,06,0.99,True
sub-083,07,0.98,True
sub-083,08,0.99,True
sub-083,09,0.98,True
sub-083,10,0.99,True
sub-083,11,0.98,True
sub-083,12,0.98,True
sub-083,13,0.98,True
sub-083,14,0.99,True
sub-083,15,0.98,True
sub-083,16,0.99,True
sub-083,17,0.98,True
sub-083,18,0.98,True
sub-083,19,0.98,True
sub-083,20,0.44,True
sub-083,21,0.99,True
sub-083,22,0.46,True
sub-083,23,0.99,True
sub-083,24,0.98,True
sub-083,25,0.98,True
sub-083,26,0.99,True
sub-083,27,0.98,True
sub-083,28,0.99,True
sub-083,29,0.99,True
sub-083,30,0.99,True
sub-083,31,0.98,True
sub-083,32,0.98,True
sub-083,33,0.99,True
sub-083,34,0.98,True
sub-083,35,0.98,True
sub-083,36,0.98,True
sub-083,37,0.99,True
sub-083,38,0.98,True
sub-083,39,0.98,True
sub-083,40,0.99,True
sub-083,41,0.99,True
sub-083,42,0.98,True
sub-083,43,0.99,True
sub-083,44,0.98,True
sub-083,45,0.78,True
sub-083,46,0.98,True
sub-083,47,0.98,True
sub-083,48,0.99,True
sub-083,49,0.98,True
sub-083,50,1.05,True
sub-083,51,0.98,True
sub-083,52,0.99,True
sub-083,53,0.98,True
sub-083,54,0.98,True
sub-083,55,0.98,True
sub-083,56,0.99,True
sub-083,57,0.98,True
sub-083,58,0.99,True
sub-083,59,0.98,True
sub-083,60,0.98,True
sub-083,61,0.98,True
sub-083,62,0.99,True
sub-083,63,0.99,True
sub-083,64,0.99,True
sub-083,65,0.99,True
sub-083,66,0.6,True
sub-084,01,0.99,True
sub-084,02,1.31,True
sub-084,03,0.98,True
sub-084,04,0.99,True
sub-084,05,0.98,True
sub-084,06,0.98,True
sub-084,07,0.98,True
sub-084,08,0.98,True
sub-084,09,0.98,True
sub-084,10,0.99,True
sub-084,11,0.98,True
sub-084,12,0.69,True
sub-084,13,0.22,True
sub-084,14,0.99,True
sub-084,15,0.5,True
sub-084,16,0.98,True
sub-084,17,0.91,True
sub-084,18,0.98,True
sub-084,19,0.99,True
sub-084,20,0.2,True
sub-084,21,0.32,True
sub-084,22,0.58,True
sub-084,23,0.98,True
sub-084,24,0.98,True
sub-084,25,0.99,True
sub-084,26,0.09,True
sub-084,27,0.99,True
sub-084,28,0.99,True
sub-084,29,0.98,True
sub-084,30,0.99,True
sub-084,31,0.98,True
sub-084,32,0.98,True
sub-084,33,0.99,True
sub-084,34,0.98,True
sub-084,35,0.99,True
sub-084,36,0.99,True
sub-084,37,0.36,True
sub-084,38,0.76,True
sub-084,39,0.99,True
sub-084,40,0.98,True
sub-084,41,0.98,True
sub-084,42,0.99,True
sub-084,43,0.98,True
sub-084,44,0.95,True
sub-084,45,0.98,True
sub-084,46,1.55,True
sub-084,47,0.98,True
sub-084,48,0.98,True
sub-084,49,0.99,True
sub-084,50,0.99,True
sub-084,51,0.99,True
sub-084,52,0.99,True
sub-084,53,0.99,True
sub-084,54,0.98,True
sub-084,55,0.98,True
sub-084,56,0.98,True
sub-084,57,0.99,True
sub-084,58,0.99,True
sub-084,59,0.98,True
sub-084,60,0.98,True
sub-084,61,0.26,True
sub-085,01,0.25,True
sub-085,02,0.98,True
sub-085,03,0.98,True
sub-085,04,0.98,True
sub-085,05,0.98,True
sub-085,06,0.99,True
sub-085,07,0.98,True
sub-085,08,0.98,True
sub-085,09,0.99,True
sub-085,10,0.98,True
sub-085,11,0.98,True
sub-085,12,0.99,True
sub-085,13,0.98,True
sub-085,14,0.98,True
sub-085,15,0.99,True
sub-085,16,0.98,True
sub-085,17,0.98,True
sub-085,18,0.98,True
sub-085,19,1.12,True
sub-085,20,0.92,True
sub-085,21,0.99,True
sub-085,22,0.98,True
sub-085,23,0.98,True
sub-085,24,1.16,True
sub-085,25,0.99,True
sub-085,26,0.98,True
sub-085,27,0.98,True
sub-085,28,0.98,True
sub-085,29,1.04,True
sub-085,30,0.98,True
sub-085,31,0.98,True
sub-085,32,0.98,True
sub-085,33,0.98,True
sub-085,34,0.06,True
sub-085,35,0.98,True
sub-085,36,0.98,True
sub-085,37,0.98,True
sub-085,38,0.99,True
sub-085,39,0.98,True
sub-085,40,0.77,True
sub-085,41,0.96,True
sub-085,42,0.98,True
sub-085,43,1.3,True
sub-085,44,0.99,True
sub-085,45,0.93,True
sub-085,46,0.99,True
sub-085,47,0.99,True
sub-085,48,0.99,True
sub-085,49,0.98,True
sub-085,50,1.19,True
sub-085,51,0.98,True
sub-085,52,0.99,True
sub-085,53,0.98,True
sub-085,54,0.99,True
sub-085,55,0.99,True
sub-085,56,0.99,True
sub-085,57,0.99,True
sub-085,58,0.99,True
sub-086,01,0.99,True
sub-086,02,0.99,True
sub-086,03,0.98,True
sub-086,04,0.99,True
sub-086,05,0.98,True
sub-086,06,0.99,True
sub-086,07,0.98,True
sub-086,08,1.1,True
sub-086,09,0.98,True
sub-086,10,0.99,True
sub-086,11,1.15,True
sub-086,12,0.98,True
sub-086,13,0.98,True
sub-086,14,0.98,True
sub-086,15,0.98,True
sub-086,16,0.98,True
sub-086,17,0.39,True
sub-086,18,0.98,True
sub-086,19,0.99,True
sub-086,20,0.98,True
sub-086,21,1.13,True
sub-086,22,1.05,True
sub-086,23,1.16,True
sub-086,24,0.98,True
sub-086,25,0.99,True
sub-086,26,0.15,True
sub-086,27,0.14,True
sub-086,28,0.98,True
sub-086,29,0.37,True
sub-086,30,0.98,True
sub-086,31,0.99,True
sub-086,32,0.99,True
sub-086,33,0.99,True
sub-086,34,0.98,True
sub-086,35,0.98,True
sub-086,36,0.98,True
sub-086,37,0.98,True
sub-086,38,0.98,True
sub-086,39,0.98,True
sub-086,40,0.99,True
sub-086,41,0.98,True
sub-086,42,0.98,True
sub-086,43,0.98,True
sub-086,44,0.99,True
sub-086,45,1.26,True
sub-086,46,0.34,True
sub-086,47,0.98,True
sub-086,48,0.98,True
sub-086,49,0.99,True
sub-086,50,2.2,True
sub-086,51,0.98,True
sub-086,52,0.99,True
sub-086,53,0.99,True
sub-086,54,0.99,True
sub-086,55,1.16,True
sub-086,56,0.98,True
sub-086,57,0.99,True
sub-086,58,0.98,True
sub-086,59,0.98,True
sub-086,60,0.98,True
sub-086,61,0.98,True
sub-086,62,0.98,True
sub-086,63,0.98,True
sub-086,64,0.99,True
sub-086,65,0.98,True
sub-086,66,0.98,True
sub-086,67,0.98,True
sub-086,68,1.13,True
sub-086,69,0.98,True
sub-086,70,0.98,True
sub-086,71,0.98,True
sub-086,72,0.98,True
sub-086,73,0.99,True
sub-086,74,0.99,True
sub-086,75,0.98,True
sub-086,76,0.99,True
sub-086,77,0.99,True
sub-086,78,1.08,True
sub-086,79,0.98,True
sub-086,80,0.99,True
sub-086,81,0.99,True
sub-086,82,0.99,True
sub-086,83,0.99,True
sub-086,84,0.99,True
sub-086,85,0.98,True
sub-086,86,0.99,True
sub-086,87,0.99,True
sub-086,88,0.98,True
sub-086,89,0.99,True
sub-086,90,0.99,True
sub-086,91,0.98,True
sub-086,92,0.68,True
sub-087,01,0.96,True
sub-087,02,0.99,True
sub-087,03,0.99,True
sub-087,04,0.44,True
sub-087,05,0.2,True
sub-087,06,1.0,True
sub-087,07,0.98,True
sub-087,08,0.98,True
sub-087,09,0.27,True
sub-087,10,0.98,True
sub-087,11,0.98,True
sub-087,12,0.96,True
sub-087,13,0.99,True
sub-087,14,1.08,True
sub-087,15,0.99,True
sub-087,16,0.98,True
sub-087,17,0.12,True
sub-087,18,1.0,True
sub-087,19,0.39,True
sub-087,20,0.52,True
sub-087,21,0.99,True
sub-087,22,0.99,True
sub-087,23,0.99,True
sub-087,24,0.98,True
sub-087,25,1.08,True
sub-088,01,0.98,True
sub-088,02,0.99,True
sub-088,03,0.98,True
sub-088,04,0.98,True
sub-088,05,0.99,True
sub-088,06,0.98,True
sub-088,07,0.98,True
sub-088,08,0.98,True
sub-088,09,0.99,True
sub-088,10,0.98,True
sub-088,11,0.99,True
sub-088,12,0.98,True
sub-088,13,1.12,True
sub-088,14,0.98,True
sub-088,15,0.98,True
sub-088,16,0.99,True
sub-088,17,1.42,True
sub-088,18,0.47,True
sub-088,19,0.98,True
sub-088,20,0.98,True
sub-088,21,0.55,True
sub-088,22,0.98,True
sub-088,23,1.07,True
sub-088,24,0.98,True
sub-088,25,0.98,True
sub-088,26,0.99,True
sub-088,27,0.98,True
sub-088,28,1.26,True
sub-088,29,0.98,True
sub-088,30,1.02,True
sub-088,31,0.98,True
sub-088,32,0.99,True
sub-088,33,0.99,True
sub-088,34,0.98,True
sub-088,35,0.99,True
sub-088,36,0.99,True
sub-088,37,0.98,True
sub-088,38,0.98,True
sub-088,39,0.98,True
sub-088,40,0.98,True
sub-088,41,0.99,True
sub-088,42,0.83,True
sub-088,43,0.98,True
sub-088,44,0.98,True
sub-088,45,0.99,True
sub-088,46,0.99,True
sub-088,47,0.98,True
sub-088,48,0.98,True
sub-088,49,0.98,True
sub-088,50,1.02,True
sub-088,51,0.99,True
sub-088,52,0.99,True
sub-088,53,0.98,True
sub-088,54,0.98,True
sub-088,55,0.98,True
sub-088,56,0.99,True
sub-088,57,0.98,True
sub-088,58,0.98,True
sub-088,59,0.99,True
sub-088,60,0.98,True
sub-088,61,0.98,True
sub-088,62,0.98,True
sub-088,63,0.99,True
sub-088,64,0.99,True
sub-088,65,0.63,True
sub-089,01,0.9,True
sub-089,02,0.99,True
sub-089,03,0.99,True
sub-089,04,0.99,True
sub-089,05,0.99,True
sub-089,06,1.04,True
sub-089,07,0.98,True
sub-089,08,0.98,True
sub-089,09,0.99,True
sub-089,100,0.98,True
sub-089,101,0.98,True
sub-089,102,0.99,True
sub-089,103,0.99,True
sub-089,104,0.98,True
sub-089,105,0.99,True
sub-089,106,0.99,True
sub-089,107,0.99,True
sub-089,108,0.99,True
sub-089,109,0.98,True
sub-089,10,0.99,True
sub-089,110,0.99,True
sub-089,111,0.98,True
sub-089,112,0.35,True
sub-089,11,0.99,True
sub-089,12,0.98,True
sub-089,13,0.98,True
sub-089,14,0.98,True
sub-089,15,0.98,True
sub-089,16,0.98,True
sub-089,17,0.86,True
sub-089,18,0.1,True
sub-089,19,0.98,True
sub-089,20,0.22,True
sub-089,21,0.99,True
sub-089,22,0.98,True
sub-089,23,0.48,True
sub-089,24,0.98,True
sub-089,25,0.98,True
sub-089,26,0.98,True
sub-089,27,0.98,True
sub-089,28,1.03,True
sub-089,29,0.99,True
sub-089,30,0.98,True
sub-089,31,0.98,True
sub-089,32,0.98,True
sub-089,33,0.99,True
sub-089,34,0.99,True
sub-089,35,0.99,True
sub-089,36,0.98,True
sub-089,37,0.99,True
sub-089,38,0.98,True
sub-089,39,0.8,True
sub-089,40,0.74,True
sub-089,41,0.22,True
sub-089,42,0.98,True
sub-089,43,0.98,True
sub-089,44,0.99,True
sub-089,45,0.98,True
sub-089,46,0.98,True
sub-089,47,0.98,True
sub-089,48,0.98,True
sub-089,49,0.99,True
sub-089,50,0.99,True
sub-089,51,0.98,True
sub-089,52,0.98,True
sub-089,53,0.99,True
sub-089,54,0.98,True
sub-089,55,0.98,True
sub-089,56,0.98,True
sub-089,57,0.98,True
sub-089,58,0.98,True
sub-089,59,0.99,True
sub-089,60,0.99,True
sub-089,61,0.87,True
sub-089,62,0.06,True
sub-089,63,0.99,True
sub-089,64,1.35,True
sub-089,65,0.86,True
sub-089,66,0.21,True
sub-089,67,0.93,True
sub-089,68,0.14,True
sub-089,69,0.98,True
sub-089,70,0.98,True
sub-089,71,0.99,True
sub-089,72,0.99,True
sub-089,73,0.98,True
sub-089,74,0.99,True
sub-089,75,0.98,True
sub-089,76,0.98,True
sub-089,77,0.99,True
sub-089,78,0.98,True
sub-089,79,0.99,True
sub-089,80,0.98,True
sub-089,81,0.99,True
sub-089,82,0.99,True
sub-089,83,0.98,True
sub-089,84,0.98,True
sub-089,85,0.98,True
sub-089,86,0.98,True
sub-089,87,0.98,True
sub-089,88,0.74,True
sub-089,89,0.08,True
sub-089,90,0.99,True
sub-089,91,0.98,True
sub-089,92,0.98,True
sub-089,93,0.98,True
sub-089,94,0.98,True
sub-089,95,0.98,True
sub-089,96,0.99,True
sub-089,97,0.98,True
sub-089,98,0.98,True
sub-089,99,0.99,True
sub-090,01,1.18,True
sub-090,02,0.39,True
sub-090,03,0.99,True
sub-090,04,0.98,True
sub-091,01,0.22,True
sub-091,02,0.18,True
sub-091,03,0.18,True
sub-091,04,0.27,True
sub-091,05,0.21,True
sub-092,01,0.98,True
sub-092,02,0.3,True
sub-092,03,0.32,True
sub-092,04,0.98,True
sub-092,05,1.14,True
sub-092,06,0.99,True
sub-092,07,1.84,True
sub-092,08,0.99,True
sub-092,09,0.99,True
sub-092,100,0.98,True
sub-092,101,0.99,True
sub-092,102,0.98,True
sub-092,103,0.99,True
sub-092,104,0.98,True
sub-092,105,0.09,True
sub-092,106,0.98,True
sub-092,107,0.98,True
sub-092,108,0.19,True
sub-092,109,0.99,True
sub-092,10,0.98,True
sub-092,110,0.98,True
sub-092,111,0.99,True
sub-092,112,0.99,True
sub-092,113,0.98,True
sub-092,114,0.99,True
sub-092,115,0.98,True
sub-092,116,0.99,True
sub-092,117,0.98,True
sub-092,118,0.99,True
sub-092,119,0.99,True
sub-092,11,0.98,True
sub-092,120,0.29,True
sub-092,12,0.99,True
sub-092,13,0.98,True
sub-092,14,0.98,True
sub-092,15,0.98,True
sub-092,16,0.98,True
sub-092,17,0.98,True
sub-092,18,0.08,True
sub-092,19,0.14,True
sub-092,20,0.98,True
sub-092,21,0.98,True
sub-092,22,0.17,True
sub-092,23,0.63,True
sub-092,24,0.15,True
sub-092,25,0.98,True
sub-092,26,0.98,True
sub-092,27,0.26,True
sub-092,28,0.99,True
sub-092,29,0.98,True
sub-092,30,0.98,True
sub-092,31,0.98,True
sub-092,32,0.98,True
sub-092,33,1.41,True
sub-092,34,0.99,True
sub-092,35,0.98,True
sub-092,36,0.98,True
sub-092,37,0.98,True
sub-092,38,0.98,True
sub-092,39,0.98,True
sub-092,40,0.99,True
sub-092,41,0.99,True
sub-092,42,0.99,True
sub-092,43,0.98,True
sub-092,44,0.66,True
sub-092,45,0.43,True
sub-092,46,0.54,True
sub-092,47,0.99,True
sub-092,48,0.98,True
sub-092,49,0.98,True
sub-092,50,0.61,True
sub-092,51,0.99,True
sub-092,52,0.99,True
sub-092,53,0.98,True
sub-092,54,2.47,True
sub-092,55,0.98,True
sub-092,56,0.98,True
sub-092,57,1.15,True
sub-092,58,0.98,True
sub-092,59,0.98,True
sub-092,60,0.98,True
sub-092,61,0.98,True
sub-092,62,0.98,True
sub-092,63,0.07,True
sub-092,64,0.98,True
sub-092,65,0.99,True
sub-092,66,0.99,True
sub-092,67,0.98,True
sub-092,68,0.99,True
sub-092,69,0.05,True
sub-092,70,0.89,True
sub-092,71,0.06,True
sub-092,72,1.38,True
sub-092,73,0.98,True
sub-092,74,0.98,True
sub-092,75,0.98,True
sub-092,76,0.98,True
sub-092,77,0.98,True
sub-092,78,0.98,True
sub-092,79,0.43,True
sub-092,80,0.98,True
sub-092,81,0.98,True
sub-092,82,0.98,True
sub-092,83,0.98,True
sub-092,84,0.99,True
sub-092,85,0.99,True
sub-092,86,0.98,True
sub-092,87,0.98,True
sub-092,88,0.99,True
sub-092,89,0.98,True
sub-092,90,0.99,True
sub-092,91,0.98,True
sub-092,92,0.98,True
sub-092,93,0.99,True
sub-092,94,1.04,True
sub-092,95,0.05,True
sub-092,96,0.93,True
sub-092,97,0.98,True
sub-092,98,0.99,True
sub-092,99,0.99,True
sub-093,01,0.99,True
sub-093,02,0.24,True
sub-093,03,0.98,True
sub-093,04,0.99,True
sub-093,05,0.99,True
sub-093,06,0.98,True
sub-093,07,0.99,True
sub-093,08,0.98,True
sub-093,09,0.99,True
sub-093,10,0.99,True
sub-093,11,0.92,True
sub-093,12,0.42,True
sub-093,13,0.59,True
sub-093,14,0.99,True
sub-093,15,0.98,True
sub-093,16,0.98,True
sub-093,17,0.98,True
sub-093,18,0.98,True
sub-093,19,0.99,True
sub-093,20,1.14,True
sub-093,21,0.98,True
sub-093,22,0.98,True
sub-093,23,0.98,True
sub-093,24,0.99,True
sub-093,25,0.98,True
sub-093,26,0.99,True
sub-093,27,0.98,True
sub-093,28,0.99,True
sub-093,29,0.98,True
sub-093,30,0.98,True
sub-093,31,0.71,True
sub-093,32,0.62,True
sub-093,33,0.98,True
sub-093,34,0.99,True
sub-093,35,0.99,True
sub-093,36,0.98,True
sub-093,37,1.13,True
sub-093,38,0.98,True
sub-093,39,0.98,True
sub-093,40,0.98,True
sub-093,41,0.99,True
sub-093,42,0.99,True
sub-093,43,0.98,True
sub-093,44,0.99,True
sub-093,45,0.98,True
sub-093,46,0.98,True
sub-093,47,0.98,True
sub-093,48,0.99,True
sub-093,49,0.98,True
sub-093,50,0.98,True
sub-093,51,0.99,True
sub-093,52,0.98,True
sub-093,53,1.53,True
sub-093,54,0.98,True
sub-093,55,0.99,True
sub-093,56,0.98,True
sub-093,57,0.99,True
sub-093,58,0.98,True
sub-093,59,0.98,True
sub-093,60,0.98,True
sub-093,61,1.0,True
sub-093,62,0.98,True
sub-093,63,0.99,True
sub-093,64,0.98,True
sub-093,65,0.98,True
sub-093,66,0.99,True
sub-093,67,0.98,True
sub-093,68,0.99,True
sub-093,69,0.99,True
sub-093,70,0.99,True
sub-093,71,0.98,True
sub-093,72,0.99,True
sub-093,73,0.98,True
sub-093,74,0.98,True
sub-093,75,0.95,True
sub-093,76,0.07,True
sub-093,77,0.1,True
sub-093,78,0.98,True
sub-093,79,0.99,True
sub-093,80,0.99,True
sub-093,81,1.21,True
sub-093,82,0.99,True
sub-093,83,0.98,True
sub-093,84,0.98,True
sub-093,85,0.98,True
sub-093,86,0.98,True
sub-093,87,0.98,True
sub-093,88,0.98,True
sub-093,89,0.98,True
sub-093,90,0.98,True
sub-093,91,0.98,True
sub-093,92,0.99,True
sub-093,93,0.99,True
sub-093,94,0.98,True
sub-093,95,0.98,True
sub-093,96,0.99,True
sub-093,97,0.99,True
sub-093,98,0.99,True
sub-093,99,0.45,True
sub-094,01,0.46,True
sub-094,02,1.7,True
sub-094,03,0.99,True
sub-094,04,0.99,True
sub-094,05,0.74,True
sub-094,06,0.98,True
sub-094,07,0.17,True
sub-094,08,0.98,True
sub-094,09,0.98,True
sub-094,10,0.98,True
sub-094,11,0.98,True
sub-094,12,0.26,True
sub-094,13,0.99,True
sub-094,14,0.98,True
sub-094,15,0.98,True
sub-094,16,1.15,True
sub-094,17,0.98,True
sub-094,18,0.99,True
sub-094,19,0.98,True
sub-094,20,0.99,True
sub-094,21,0.99,True
sub-094,22,0.99,True
sub-094,23,0.98,True
sub-094,24,0.98,True
sub-094,25,0.28,True
sub-094,26,0.55,True
sub-094,27,0.82,True
sub-094,28,0.54,True
sub-094,29,0.99,True
sub-094,30,0.98,True
sub-094,31,0.99,True
sub-094,32,0.98,True
sub-094,33,0.98,True
sub-094,34,0.98,True
sub-094,35,0.99,True
sub-094,36,0.98,True
sub-094,37,0.98,True
sub-094,38,0.98,True
sub-094,39,0.99,True
sub-094,40,0.99,True
sub-094,41,0.98,True
sub-094,42,0.98,True
sub-094,43,0.98,True
sub-094,44,0.12,True
sub-094,45,0.98,True
sub-094,46,0.98,True
sub-094,47,0.98,True
sub-094,48,0.73,True
sub-094,49,0.85,True
sub-095,01,0.98,True
sub-095,02,0.99,True
sub-095,03,0.98,True
sub-095,04,0.98,True
sub-095,05,0.98,True
sub-095,06,0.98,True
sub-095,07,0.98,True
sub-095,08,0.98,True
sub-095,09,0.98,True
sub-095,100,0.98,True
sub-095,101,0.98,True
sub-095,102,0.98,True
sub-095,103,0.98,True
sub-095,104,0.99,True
sub-095,105,0.98,True
sub-095,106,0.99,True
sub-095,107,0.99,True
sub-095,108,0.99,True
sub-095,109,0.15,True
sub-095,10,0.99,True
sub-095,11,0.99,True
sub-095,12,0.98,True
sub-095,13,0.98,True
sub-095,14,0.98,True
sub-095,15,0.8,True
sub-095,16,0.99,True
sub-095,17,0.99,True
sub-095,18,0.98,True
sub-095,19,0.98,True
sub-095,20,0.41,True
sub-095,21,0.78,True
sub-095,22,0.99,True
sub-095,23,0.99,True
sub-095,24,0.99,True
sub-095,25,0.98,True
sub-095,26,0.98,True
sub-095,27,0.99,True
sub-095,28,0.98,True
sub-095,29,0.98,True
sub-095,30,0.98,True
sub-095,31,0.98,True
sub-095,32,0.99,True
sub-095,33,0.98,True
sub-095,34,0.98,True
sub-095,35,0.98,True
sub-095,36,0.98,True
sub-095,37,0.98,True
sub-095,38,0.99,True
sub-095,39,0.12,True
sub-095,40,0.84,True
sub-095,41,0.99,True
sub-095,42,0.98,True
sub-095,43,0.98,True
sub-095,44,0.99,True
sub-095,45,0.99,True
sub-095,46,0.98,True
sub-095,47,0.99,True
sub-095,48,0.98,True
sub-095,49,0.99,True
sub-095,50,1.49,True
sub-095,51,0.98,True
sub-095,52,0.99,True
sub-095,53,0.98,True
sub-095,54,0.98,True
sub-095,55,0.98,True
sub-095,56,0.98,True
sub-095,57,0.99,True
sub-095,58,0.98,True
sub-095,59,0.98,True
sub-095,60,0.99,True
sub-095,61,0.98,True
sub-095,62,0.99,True
sub-095,63,0.99,True
sub-095,64,0.76,True
sub-095,65,0.99,True
sub-095,66,1.26,True
sub-095,67,0.98,True
sub-095,68,0.89,True
sub-095,69,0.99,True
sub-095,70,0.93,True
sub-095,71,0.99,True
sub-095,72,0.98,True
sub-095,73,0.99,True
sub-095,74,0.98,True
sub-095,75,0.98,True
sub-095,76,0.98,True
sub-095,77,0.98,True
sub-095,78,0.99,True
sub-095,79,0.99,True
sub-095,80,0.98,True
sub-095,81,0.98,True
sub-095,82,0.98,True
sub-095,83,0.99,True
sub-095,84,0.99,True
sub-095,85,0.99,True
sub-095,86,0.98,True
sub-095,87,0.6,True
sub-095,88,0.98,True
sub-095,89,0.99,True
sub-095,90,0.98,True
sub-095,91,0.99,True
sub-095,92,0.98,True
sub-095,93,0.99,True
sub-095,94,0.98,True
sub-095,95,0.98,True
sub-095,96,0.98,True
sub-095,97,0.99,True
sub-095,98,0.98,True
sub-095,99,0.98,True
sub-096,01,0.98,True
sub-096,02,1.02,True
sub-096,03,0.99,True
sub-096,04,0.98,True
sub-096,05,0.99,True
sub-096,06,0.98,True
sub-096,07,1.1,True
sub-096,08,0.98,True
sub-096,09,0.98,True
sub-096,10,0.98,True
sub-096,11,0.99,True
sub-096,12,0.98,True
sub-096,13,0.99,True
sub-096,14,0.99,True
sub-096,15,0.99,True
sub-096,16,0.98,True
sub-096,17,0.99,True
sub-096,18,0.98,True
sub-096,19,0.47,True
sub-096,20,1.92,True
sub-096,21,0.99,True
sub-096,22,0.99,True
sub-096,23,0.98,True
sub-096,24,0.99,True
sub-096,25,0.98,True
sub-096,26,0.98,True
sub-096,27,0.98,True
sub-096,28,0.99,True
sub-096,29,0.98,True
sub-096,30,0.81,True
sub-096,31,0.99,True
sub-096,32,0.99,True
sub-096,33,0.98,True
sub-096,34,0.99,True
sub-096,35,0.98,True
sub-096,36,0.99,True
sub-096,37,0.98,True
sub-096,38,0.98,True
sub-096,39,0.98,True
sub-096,40,0.98,True
sub-096,41,0.36,True
sub-096,42,0.49,True
sub-096,43,0.98,True
sub-096,44,0.98,True
sub-096,45,0.99,True
sub-096,46,0.99,True
sub-096,47,0.98,True
sub-096,48,0.98,True
sub-096,49,0.99,True
sub-096,50,0.98,True
sub-096,51,0.99,True
sub-096,52,1.19,True
sub-096,53,0.98,True
sub-096,54,0.98,True
sub-096,55,0.99,True
sub-096,56,0.98,True
sub-096,57,0.99,True
sub-096,58,0.99,True
sub-096,59,0.98,True
sub-096,60,0.99,True
sub-096,61,0.99,True
sub-096,62,0.98,True
sub-096,63,0.98,True
sub-096,64,0.98,True
sub-096,65,0.99,True
sub-096,66,0.99,True
sub-096,67,0.98,True
sub-096,68,0.98,True
sub-096,69,0.98,True
sub-096,70,0.98,True
sub-096,71,0.99,True
sub-096,72,0.98,True
sub-096,73,0.98,True
sub-096,74,0.99,True
sub-096,75,0.98,True
sub-096,76,0.99,True
sub-096,77,0.98,True
sub-096,78,0.99,True
sub-096,79,0.98,True
sub-096,80,0.98,True
sub-096,81,0.98,True
sub-096,82,0.98,True
sub-096,83,0.98,True
sub-096,84,0.99,True
sub-096,85,0.99,True
sub-096,86,0.99,True
sub-096,87,0.32,True
sub-097,01,2.07,False
sub-097,02,19.07,False
sub-097,03,2.42,False
sub-097,04,21.2,False
sub-097,05,1.8,False
sub-097,06,9.86,False
sub-097,07,11.61,False
sub-097,08,1.12,False
sub-097,09,21.43,False
sub-097,10,0.12,False
sub-097,11,6.72,False
sub-098,01,20.66,True
sub-098,02,3.05,True
sub-098,03,21.27,True
sub-098,04,1.6,True
sub-098,05,22.08,True
sub-098,06,2.56,True
sub-098,07,20.65,True
sub-098,08,2.52,True
sub-098,09,21.16,True
sub-099,01,21.06,True
sub-099,02,1.37,False
sub-099,03,21.67,True
sub-099,04,0.5,True
sub-099,05,21.77,True
sub-099,06,2.12,True
sub-099,07,21.98,True
sub-099,08,2.23,True
sub-099,09,21.61,True
sub-100,01,21.3,True
sub-100,02,2.19,True
sub-100,03,1.07,True
sub-100,04,19.13,True
sub-100,05,2.3,True
sub-100,06,20.37,True
sub-100,07,2.98,True
sub-100,08,7.51,True
sub-100,09,12.71,True
sub-100,10,0.85,True
sub-100,11,7.78,True
sub-100,12,0.59,True
sub-100,13,13.54,True
sub-101,01,21.75,True
sub-101,02,0.94,True
sub-101,03,9.78,True
sub-101,04,11.45,True
sub-101,05,1.94,True
sub-101,06,21.84,True
sub-101,07,1.48,True
sub-101,08,4.48,True
sub-101,09,0.6,True
sub-102,01,21.31,True
sub-102,02,2.25,True
sub-102,03,21.79,True
sub-102,04,1.96,True
sub-102,05,21.26,True
sub-102,06,1.93,True
sub-102,07,13.23,True
sub-102,08,7.68,True
sub-102,09,2.67,True
sub-102,10,21.37,True
sub-103,01,18.35,True
sub-103,02,16.57,True
sub-103,03,7.16,True
sub-103,04,17.07,True
sub-103,05,5.32,True
sub-103,06,18.17,True
sub-103,07,6.94,True
sub-104,01,19.44,True
sub-104,02,3.89,True
sub-104,03,19.65,True
sub-104,04,4.34,True
sub-104,05,19.59,True
sub-104,06,4.17,True
sub-104,07,0.38,True
sub-104,08,17.93,True
sub-104,09,4.5,True
sub-104,10,4.29,True
sub-105,01,20.64,True
sub-105,02,4.87,True
sub-105,03,19.39,True
sub-105,04,3.68,False
sub-105,05,20.05,True
sub-105,06,2.75,True
sub-105,07,20.79,True
sub-105,08,3.08,True
sub-105,09,19.95,True
sub-106,01,5.13,True
sub-106,02,13.83,True
sub-106,03,3.96,True
sub-106,04,19.7,True
sub-106,05,3.58,True
sub-106,06,19.98,True
sub-106,07,4.12,True
sub-106,08,19.8,True
sub-106,09,3.93,True
sub-106,10,5.15,True
sub-107,01,1.91,True
sub-107,02,15.83,True
sub-107,03,2.85,True
sub-107,04,20.81,True
sub-107,05,1.19,True
sub-107,06,22.49,True
sub-107,07,1.66,True
sub-107,08,22.11,True
sub-107,09,1.76,True
sub-107,10,15.09,True
sub-108,01,20.76,True
sub-109,01,19.77,True
sub-109,02,4.09,True
sub-109,03,19.64,True
sub-109,04,1.68,True
sub-109,05,22.22,True
sub-109,06,1.84,True
sub-109,07,22.15,True
sub-109,08,0.54,True
sub-109,09,22.23,True
sub-110,01,5.12,True
sub-110,02,18.32,True
sub-110,03,5.43,True
sub-110,04,18.18,True
sub-110,05,5.56,True
sub-110,06,23.82,True
sub-110,07,14.32,True
sub-110,08,8.25,True
sub-111,01,12.85,True
sub-111,02,10.43,True
sub-111,03,13.39,True
sub-111,04,11.75,True
sub-111,05,10.49,True
sub-111,06,15.63,True
sub-112,01,9.85,True
sub-112,02,13.33,True
sub-112,03,10.44,True
sub-112,04,15.0,True
sub-112,05,8.78,True
sub-112,06,9.28,True
sub-113,01,3.79,True
sub-113,02,20.35,True
sub-113,03,3.48,True
sub-113,04,20.31,True
sub-113,05,3.51,True
sub-113,06,19.69,True
sub-113,07,4.17,True
sub-113,08,19.92,True
sub-114,01,10.72,True
sub-114,02,11.87,True
sub-114,03,2.95,True
sub-114,04,2.62,False
sub-114,05,3.13,False
sub-114,06,8.74,True
sub-114,07,11.94,True
sub-114,08,1.25,True
sub-114,09,10.51,True
sub-114,10,12.03,True
sub-114,11,5.94,True
sub-114,12,11.46,False
sub-114,13,9.16,False
sub-114,14,2.51,False
sub-114,15,11.86,False
sub-114,16,4.04,False
sub-115,01,4.22,True
sub-115,02,1.42,True
sub-115,03,5.83,True
sub-115,04,5.82,True
sub-115,05,0.87,True
sub-115,06,1.87,True
sub-115,07,2.76,True
sub-115,08,5.82,True
sub-115,09,5.82,True
sub-115,10,5.82,True
sub-115,11,5.28,True
sub-115,12,5.83,False
sub-115,13,4.56,True
sub-115,14,5.83,True
sub-115,15,1.83,True
sub-115,16,3.86,True
sub-115,17,5.82,True
sub-115,18,5.82,True
sub-115,19,5.83,True
sub-115,20,1.21,True
sub-115,21,1.56,True
sub-115,22,2.77,True
sub-115,23,5.83,True
sub-115,24,1.5,True
sub-115,25,2.88,True
sub-115,26,5.83,True
sub-115,27,4.22,True
sub-115,28,1.18,True
sub-115,29,4.35,True
sub-115,30,5.13,True
sub-115,31,5.83,True
sub-115,32,5.41,True
sub-115,33,5.82,True
sub-115,34,5.82,True
sub-115,35,5.82,True
sub-115,36,1.07,True
sub-115,37,3.48,True
sub-115,38,3.55,True
sub-115,39,1.19,True
sub-115,40,4.74,True
sub-115,41,0.92,True
sub-115,42,1.27,True
sub-115,43,2.54,True
sub-115,44,5.83,True
sub-115,45,5.83,True
sub-115,46,0.98,True
sub-115,47,3.26,True
sub-115,48,3.9,True
sub-115,49,5.82,True
sub-115,50,4.92,True
sub-115,51,5.66,True
sub-115,52,1.7,True
sub-115,53,3.96,True
sub-115,54,5.83,True
sub-115,55,5.54,True
sub-115,56,1.62,True
sub-115,57,3.61,True
sub-115,58,5.83,True
sub-115,59,1.66,True
sub-115,60,3.99,True
sub-115,61,3.1,True
sub-115,62,1.94,True
sub-115,63,3.72,True
sub-115,64,5.53,True
sub-115,65,3.56,True
sub-115,66,5.45,True
sub-115,67,5.82,True
sub-115,68,5.82,True
sub-115,69,3.54,True
sub-116,01,1.6,True
sub-116,02,3.67,True
sub-116,03,5.82,True
sub-116,04,3.5,True
sub-116,05,5.82,True
sub-116,06,3.54,True
sub-116,07,1.98,True
sub-116,08,2.35,True
sub-116,09,4.5,True
sub-116,10,5.83,True
sub-116,11,5.82,True
sub-116,12,5.83,True
sub-116,13,1.68,True
sub-116,14,3.99,True
sub-116,15,5.83,True
sub-116,16,3.31,True
sub-116,17,2.39,True
sub-116,18,5.28,True
sub-116,19,2.67,True
sub-116,20,2.98,True
sub-116,21,5.1,True
sub-116,22,2.64,True
sub-116,23,1.88,True
sub-116,24,1.93,True
sub-116,25,3.73,True
sub-116,26,3.44,True
sub-116,27,2.78,True
sub-117,01,5.79,True
sub-117,02,5.83,True
sub-117,03,5.82,True
sub-117,04,4.42,True
sub-117,05,5.83,True
sub-117,06,5.83,True
sub-117,07,5.82,True
sub-117,08,5.6,True
sub-117,09,5.83,True
sub-117,10,5.83,True
sub-117,11,5.82,True
sub-117,12,5.1,True
sub-117,13,5.82,True
sub-117,14,3.4,True
sub-117,15,5.82,True
sub-117,16,5.07,False
sub-117,17,5.82,True
sub-118,01,5.83,True
sub-118,02,5.83,True
sub-118,03,4.14,True
sub-118,04,5.82,True
sub-118,05,5.82,True
sub-118,06,5.83,True
sub-118,07,3.53,True
sub-118,08,2.14,True
sub-118,09,5.82,True
sub-118,10,5.83,True
sub-118,11,5.82,True
sub-118,12,3.51,True
sub-118,13,2.21,True
sub-118,14,5.83,True
sub-118,15,5.82,True
sub-118,16,5.83,True
sub-118,17,4.54,True
sub-118,18,5.83,True
sub-118,19,5.83,True
sub-118,20,5.82,True
sub-118,21,1.86,True
sub-118,22,3.81,True
sub-118,23,4.31,True
sub-118,24,1.33,True
sub-118,25,5.82,True
sub-118,26,5.83,True
sub-119,01,5.82,True
sub-119,02,5.82,True
sub-119,03,5.83,True
sub-119,04,3.71,True
sub-119,05,1.98,True
sub-119,06,5.83,True
sub-119,07,5.82,True
sub-119,08,5.82,True
sub-119,09,3.5,True
sub-119,10,2.2,True
sub-119,11,5.83,True
sub-119,12,5.83,True
sub-119,13,5.82,True
sub-119,14,3.63,True
sub-119,15,2.05,True
sub-119,16,5.83,True
sub-119,17,5.82,True
sub-119,18,5.82,True
sub-119,19,2.56,True
sub-119,20,3.33,True
sub-119,21,5.82,True
sub-119,22,5.83,True
sub-119,23,5.83,True
sub-119,24,2.46,True
sub-119,25,3.23,True
sub-119,26,3.35,True
sub-119,27,2.36,True
sub-119,28,5.97,True
sub-119,29,5.82,True
sub-119,30,2.9,True
sub-119,31,3.51,True
sub-119,32,5.83,True
sub-119,33,5.83,True
sub-119,34,5.82,True
sub-119,35,5.82,True
sub-119,36,3.92,True
sub-119,37,5.82,True
sub-119,38,5.82,True
sub-119,39,5.83,True
sub-119,40,2.76,True
sub-120,01,0.99,True
sub-120,02,0.58,True
sub-120,03,0.93,True
sub-121,01,0.98,True
sub-121,02,0.98,True
sub-121,03,0.74,True
sub-121,04,0.33,True
sub-121,05,0.98,True
sub-121,06,0.98,True
sub-121,07,0.99,True
sub-121,08,0.74,True
sub-121,09,0.98,True
sub-121,100,1.3,True
sub-121,101,0.98,True
sub-121,102,1.4,True
sub-121,103,0.98,True
sub-121,104,0.99,True
sub-121,105,0.99,True
sub-121,106,0.99,True
sub-121,107,0.98,True
sub-121,108,0.99,True
sub-121,109,0.98,True
sub-121,10,0.98,True
sub-121,110,0.99,True
sub-121,111,0.39,True
sub-121,11,0.98,True
sub-121,12,0.99,True
sub-121,13,0.98,True
sub-121,14,0.98,True
sub-121,15,0.99,True
sub-121,16,0.99,True
sub-121,17,0.98,True
sub-121,18,0.98,True
sub-121,19,0.09,True
sub-121,20,0.99,True
sub-121,21,0.99,True
sub-121,22,0.98,True
sub-121,23,0.98,True
sub-121,24,0.52,True
sub-121,25,0.84,True
sub-121,26,0.98,True
sub-121,27,0.98,True
sub-121,28,0.94,True
sub-121,29,0.98,True
sub-121,30,0.99,True
sub-121,31,0.99,True
sub-121,32,0.3,True
sub-121,33,0.98,True
sub-121,34,0.99,True
sub-121,35,0.99,True
sub-121,36,0.98,True
sub-121,37,0.99,True
sub-121,38,0.99,True
sub-121,39,0.98,True
sub-121,40,0.99,True
sub-121,41,0.98,True
sub-121,42,0.98,True
sub-121,43,0.98,True
sub-121,44,0.64,True
sub-121,45,0.32,True
sub-121,46,0.98,True
sub-121,47,0.57,True
sub-121,48,0.98,True
sub-121,49,0.83,True
sub-121,50,0.98,True
sub-121,51,0.99,True
sub-121,52,0.98,True
sub-121,53,0.99,True
sub-121,54,1.31,True
sub-121,55,0.99,True
sub-121,56,1.78,True
sub-121,57,0.98,True
sub-121,58,0.98,True
sub-121,59,0.98,True
sub-121,60,0.98,True
sub-121,61,1.04,True
sub-121,62,0.99,True
sub-121,63,0.98,True
sub-121,64,0.51,True
sub-121,65,0.99,True
sub-121,66,0.32,True
sub-121,67,0.98,True
sub-121,68,0.62,True
sub-121,69,0.1,True
sub-121,70,0.98,True
sub-121,71,0.98,True
sub-121,72,0.99,True
sub-121,73,0.99,True
sub-121,74,0.99,True
sub-121,75,0.85,True
sub-121,76,0.99,True
sub-121,77,0.98,True
sub-121,78,0.99,True
sub-121,79,0.98,True
sub-121,80,0.36,True
sub-121,81,0.79,True
sub-121,82,3.93,True
sub-121,83,0.98,True
sub-121,84,0.99,True
sub-121,85,0.98,True
sub-121,86,0.99,True
sub-121,87,0.98,True
sub-121,88,0.99,True
sub-121,89,0.98,True
sub-121,90,0.98,True
sub-121,91,0.99,True
sub-121,92,0.99,True
sub-121,93,0.98,True
sub-121,94,0.22,True
sub-121,95,0.18,True
sub-121,96,0.98,True
sub-121,97,1.1,True
sub-121,98,0.98,True
sub-121,99,0.98,True
sub-122,01,0.99,True
sub-122,02,0.99,True
sub-122,03,0.98,True
sub-122,04,0.98,True
sub-122,05,0.99,True
sub-122,06,0.99,True
sub-122,07,0.98,True
sub-122,08,0.98,True
sub-122,09,0.99,True
sub-122,10,0.9,True
sub-122,11,0.99,True
sub-122,12,0.98,True
sub-122,13,0.98,True
sub-122,14,0.98,True
sub-122,15,0.98,True
sub-122,16,0.98,True
sub-122,17,0.98,True
sub-122,18,0.98,True
sub-122,19,0.99,True
sub-122,20,0.98,True
sub-122,21,0.99,True
sub-122,22,1.09,True
sub-122,23,1.09,True
sub-122,24,0.12,True
sub-122,25,0.98,True
sub-122,26,0.99,True
sub-122,27,0.98,True
sub-122,28,0.98,True
sub-122,29,0.98,True
sub-122,30,0.36,True
sub-122,31,0.99,True
sub-122,32,0.99,True
sub-122,33,0.98,True
sub-122,34,0.98,True
sub-122,35,0.98,True
sub-122,36,0.99,True
sub-122,37,0.99,True
sub-122,38,0.98,True
sub-122,39,0.98,True
sub-122,40,0.98,True
sub-122,41,0.99,True
sub-122,42,0.98,True
sub-122,43,0.99,True
sub-122,44,0.98,True
sub-122,45,0.98,True
sub-122,46,0.98,True
sub-122,47,0.98,True
sub-122,48,0.92,True
sub-122,49,0.6,True
sub-122,50,0.98,True
sub-122,51,1.38,True
sub-122,52,0.98,True
sub-122,53,0.98,True
sub-122,54,0.98,True
sub-122,55,0.98,True
sub-122,56,0.98,True
sub-122,57,0.99,True
sub-122,58,0.99,True
sub-122,59,0.98,True
sub-122,60,0.98,True
sub-122,61,0.99,True
sub-122,62,0.98,True
sub-122,63,0.99,True
sub-122,64,0.99,True
sub-122,65,0.98,True
sub-122,66,0.99,True
sub-122,67,0.98,True
sub-122,68,0.98,True
sub-122,69,0.99,True
sub-122,70,0.1,True
sub-123,01,0.98,True
sub-123,02,0.98,True
sub-123,03,0.99,True
sub-123,04,0.99,True
sub-123,05,0.98,True
sub-123,06,0.98,True
sub-123,07,0.99,True
sub-123,08,0.98,True
sub-123,09,0.99,True
sub-123,10,0.98,True
sub-123,11,0.98,True
sub-123,12,0.99,True
sub-123,13,0.98,True
sub-123,14,0.99,True
sub-123,15,0.98,True
sub-123,16,0.99,True
sub-123,17,0.98,True
sub-123,18,0.98,True
sub-123,19,0.97,True
sub-123,20,0.17,True
sub-123,21,0.98,True
sub-123,22,1.52,True
sub-123,23,0.99,True
sub-123,24,0.99,True
sub-123,25,0.98,True
sub-123,26,0.99,True
sub-123,27,0.99,True
sub-123,28,0.98,True
sub-123,29,0.99,True
sub-123,30,0.99,True
sub-123,31,0.98,True
sub-123,32,0.99,True
sub-123,33,0.99,True
sub-123,34,0.98,True
sub-123,35,0.98,True
sub-123,36,0.98,True
sub-123,37,0.99,True
sub-123,38,0.99,True
sub-123,39,0.99,True
sub-123,40,0.99,True
sub-123,41,0.54,True
sub-123,42,1.75,True
sub-123,43,0.99,True
sub-123,44,0.98,True
sub-123,45,0.99,True
sub-123,46,0.98,True
sub-123,47,1.12,True
sub-123,48,0.99,True
sub-123,49,0.98,True
sub-123,50,0.43,True
sub-123,51,0.99,True
sub-123,52,0.99,True
sub-123,53,0.98,True
sub-123,54,0.98,True
sub-123,55,0.99,True
sub-123,56,0.99,True
sub-123,57,0.98,True
sub-123,58,0.98,True
sub-123,59,0.98,True
sub-123,60,0.98,True
sub-123,61,0.98,True
sub-123,62,0.99,True
sub-123,63,0.99,True
sub-123,64,0.99,True
sub-123,65,0.99,True
sub-123,66,0.98,True
sub-123,67,0.98,True
sub-123,68,0.98,True
sub-123,69,0.98,True
sub-123,70,0.99,True
sub-123,71,0.77,True
sub-123,72,0.98,True
sub-123,73,0.98,True
sub-123,74,0.99,True
sub-123,75,0.98,True
sub-123,76,0.98,True
sub-123,77,0.99,True
sub-123,78,0.99,True
sub-123,79,0.99,True
sub-123,80,0.98,True
sub-123,81,0.63,True
sub-123,82,0.99,True
sub-123,83,0.98,True
sub-123,84,0.99,True
sub-123,85,0.98,True
sub-124,01,0.82,True
sub-124,02,0.91,True
sub-124,03,0.83,True
sub-124,04,0.82,True
sub-124,05,0.82,True
sub-124,06,0.83,True
sub-124,07,0.83,True
sub-124,08,0.83,True
sub-124,09,0.83,True
sub-124,10,0.83,True
sub-124,11,0.82,True
sub-124,12,0.83,True
sub-124,13,0.83,True
sub-124,14,0.82,True
sub-124,15,0.83,True
sub-124,16,0.82,True
sub-124,17,0.82,True
sub-124,18,0.82,True
sub-124,19,0.22,True
sub-124,20,0.82,True
sub-124,21,0.3,True
sub-124,22,0.83,True
sub-124,23,0.82,True
sub-124,24,0.82,True
sub-124,25,0.32,True
sub-124,26,0.2,True
sub-124,27,1.01,True
sub-124,28,0.82,True
sub-124,29,0.83,True
sub-124,30,0.83,True
sub-124,31,0.82,True
sub-124,32,0.83,True
sub-124,33,0.82,True
sub-124,34,0.82,True
sub-124,35,0.82,True
sub-124,36,0.82,True
sub-124,37,0.82,True
sub-124,38,0.83,True
sub-124,39,0.83,True
sub-124,40,0.83,True
sub-124,41,0.82,True
sub-124,42,0.83,True
sub-124,43,0.54,True
sub-124,44,0.83,True
sub-124,45,0.83,True
sub-124,46,0.82,True
sub-124,47,0.83,True
sub-124,48,0.66,True
sub-124,49,0.82,True
sub-124,50,0.83,True
sub-124,51,0.83,True
sub-124,52,0.83,True
sub-124,53,0.82,True
sub-124,54,0.83,True
sub-124,55,0.82,True
sub-124,56,0.83,True
sub-124,57,0.82,True
sub-124,58,0.82,True
sub-124,59,0.78,True
sub-124,60,0.82,True
sub-124,61,0.82,True
sub-124,62,0.82,True
sub-124,63,0.83,True
sub-124,64,0.82,True
sub-124,65,0.83,True
sub-124,66,0.83,True
sub-124,67,0.82,True
sub-124,68,0.82,True
sub-124,69,0.82,True
sub-124,70,0.82,True
sub-124,71,0.83,True
sub-124,72,0.83,True
sub-124,73,0.82,True
sub-124,74,0.83,True
sub-124,75,0.83,True
sub-124,76,0.83,True
sub-124,77,0.83,True
sub-124,78,0.83,True
sub-124,79,0.82,True
sub-124,80,0.83,True
sub-124,81,0.83,True
sub-124,82,0.82,True
sub-124,83,0.82,True
sub-124,84,0.83,True
sub-125,01,0.98,True
sub-125,02,0.98,True
sub-125,03,0.98,True
sub-125,04,0.73,True
sub-125,05,0.98,True
sub-125,06,0.99,True
sub-125,07,0.99,True
sub-125,08,0.98,True
sub-125,09,0.99,True
sub-125,10,0.99,True
sub-125,11,0.99,True
sub-125,12,0.98,True
sub-125,13,0.98,True
sub-125,14,0.98,True
sub-125,15,0.98,True
sub-125,16,0.98,True
sub-125,17,0.98,True
sub-125,18,0.99,True
sub-125,19,1.17,True
sub-125,20,0.99,True
sub-125,21,1.65,True
sub-125,22,0.98,True
sub-125,23,0.15,True
sub-125,24,0.99,True
sub-125,25,0.98,True
sub-125,26,0.98,True
sub-125,27,0.98,True
sub-125,28,0.99,True
sub-125,29,0.98,True
sub-125,30,0.98,True
sub-125,31,0.98,True
sub-125,32,0.98,True
sub-125,33,0.98,True
sub-125,34,0.98,True
sub-125,35,0.86,True
sub-125,36,0.27,True
sub-125,37,0.43,True
sub-125,38,0.99,True
sub-125,39,0.99,True
sub-125,40,0.99,True
sub-125,41,0.98,True
sub-125,42,1.2,True
sub-125,43,0.98,True
sub-125,44,0.99,True
sub-125,45,0.98,True
sub-125,46,0.98,True
sub-125,47,0.98,True
sub-125,48,0.98,True
sub-125,49,0.99,True
sub-125,50,0.98,True
sub-125,51,0.98,True
sub-125,52,0.98,True
sub-125,53,0.99,True
sub-125,54,0.98,True
sub-125,55,0.99,True
sub-125,56,0.98,True
sub-125,57,0.98,True
sub-125,58,0.98,True
sub-125,59,0.98,True
sub-125,60,0.27,True
sub-125,61,0.98,True
sub-125,62,0.98,True
sub-125,63,0.98,True
sub-125,64,0.99,True
sub-125,65,0.99,True
sub-125,66,0.99,True
sub-125,67,0.42,True
sub-125,68,0.98,True
sub-125,69,0.98,True
sub-125,70,0.98,True
sub-125,71,0.14,True
sub-125,72,1.1,True
sub-125,73,0.17,True
sub-125,74,0.99,True
sub-125,75,0.99,True
sub-125,76,0.98,True
sub-125,77,0.99,True
sub-125,78,0.98,True
sub-125,79,0.98,True
sub-125,80,0.98,True
sub-125,81,0.98,True
sub-125,82,0.99,True
sub-125,83,0.98,True
sub-125,84,0.98,True
sub-125,85,0.1,True
