subject,run,onset_s,duration_s,type,lateralization,localization,vigilance,has_ecg,preictal_ok
sub-001,03,57975.0,72.0,sz_foc_ia_nm,left,temp,asleep,True,True
sub-001,05,60968.0,81.0,sz_foc_a_nm,left,temp,awake,True,True
sub-001,07,16300.0,143.0,sz_foc_ia_m_tonic,left,temp,awake,True,True
sub-001,08,28285.0,25.0,sz_foc_a_m_automatisms,left,temp,awake,True,True
sub-002,01,4046.0,20.0,sz_foc_a_nm,left,cen_par,awake,True,True
sub-002,01,10629.0,181.0,sz_foc_ia_m_hyperkinetic,left,cen_par,awake,True,True
sub-002,02,5224.0,112.0,sz_foc_a_m_hyperkinetic,left,cen_par,awake,True,True
sub-002,02,13745.0,180.0,sz_foc_ia_m_hyperkinetic,left,cen_par,awake,True,True
sub-002,03,31537.0,52.0,sz_foc_ia_m_hyperkinetic,left,cen_par,awake,True,True
sub-002,05,69796.0,153.0,sz_foc_ia_m_hyperkinetic,left,cen_par,asleep,True,True
sub-002,05,74529.0,64.0,sz_foc_ia_m_hyperkinetic,left,un,asleep,True,True
sub-002,06,72558.0,56.0,sz_foc_ia_m_hyperkinetic,left,cen_par,asleep,True,True
sub-002,06,77054.0,180.0,sz_foc_ia_m_hyperkinetic,right,un,asleep,True,True
sub-002,06,80526.0,228.0,sz_foc_ia_m_hyperkinetic,right,cen_par,awake,True,True
sub-002,09,16790.0,59.0,sz_foc_ia_m_hyperkinetic,left,cen_par,asleep,True,True
sub-002,09,22216.0,118.0,sz_foc_ia_m_hyperkinetic,left,cen_par,awake,True,True
sub-002,09,27736.0,100.0,sz_foc_ia_m_hyperkinetic,left,cen_par,awake,True,True
sub-002,09,28456.0,161.0,sz_foc_ia_m_hyperkinetic,right,un,awake,True,True
sub-002,10,4494.0,156.0,sz_foc_ia_m_hyperkinetic,left,cen_par,awake,True,True
sub-003,06,32694.0,55.0,sz_foc_ia_m_hyperkinetic,right,temp,awake,True,True
sub-004,01,1359.0,42.0,sz_foc_a_nm,right,temp,awake,True,True
sub-004,01,8300.0,81.0,sz_foc_a_nm,right,temp,asleep,True,True
sub-004,01,19956.0,106.0,sz_foc_a_nm_behavior,right,temp,awake,True,True
sub-004,01,26559.0,85.0,sz_foc_a_nm_behavior,right,temp,awake,True,True
sub-005,22,6229.0,154.0,sz_foc_a_nm,left,temp,awake,True,True
sub-005,23,29813.0,151.0,sz_foc_a_nm,left,temp,un,True,True
sub-006,01,16370.0,12.0,sz_foc_ia_m_automatisms,left,temp,awake,True,True
sub-007,03,22266.0,60.0,sz_foc_ia_nm,right,temp,awake,True,True
sub-007,03,69419.0,34.0,sz_foc_ia_nm,right,temp,asleep,True,True
sub-008,01,9492.0,9.0,sz_foc_ia_m_tonic,un,front,awake,True,True
sub-008,09,4077.0,20.0,sz_foc_ua_m_tonic,un,un,awake,True,True
sub-009,09,12198.0,101.0,sz_foc_ia_m_tonic,un,temp,awake,True,True
sub-010,08,13121.0,95.0,sz_foc_ia_nm,right,temp,awake,True,True
sub-011,02,33.0,52.0,sz_foc_ia,right,temp,awake,True,False
sub-011,03,20528.0,130.0,sz_foc_ia_m_automatisms,left,temp,awake,True,True
sub-011,03,34064.0,143.0,sz_foc_ia_m_automatisms,left,temp,awake,True,True
sub-011,05,2413.0,81.0,sz_foc_ia_m_hyperkinetic,left,temp,awake,True,True
sub-012,03,29432.0,94.0,sz_foc_a_nm,left,temp,awake,True,True
sub-012,03,75236.0,79.0,sz_foc_a_m_automatisms,left,temp,awake,True,True
sub-012,05,19217.0,80.0,sz_foc_a_m_automatisms,left,temp,awake,True,True
sub-013,01,13124.0,21.0,sz_foc_ia_nm,left,temp,awake,True,True
sub-013,01,43588.0,21.0,sz_foc_ia_nm,left,temp,awake,True,True
sub-014,01,32885.0,47.0,sz_foc_ia,right,temp,awake,True,True
sub-014,03,23103.0,32.0,sz_foc_ia_nm_behavior,right,temp,awake,True,True
sub-015,01,40361.0,36.0,sz_foc_ia_m_tonic,bi,temp,asleep,True,True
sub-015,03,2924.0,23.0,sz_foc_ia_m_tonic,un,temp,awake,True,True
sub-015,04,13311.0,19.0,sz_foc_ia_m_tonic,bi,temp,asleep,True,True
sub-015,04,23038.0,43.0,sz_foc_ia_m_tonic,bi,temp,awake,True,True
sub-015,04,52473.0,30.0,sz_foc_f2b,left,temp,asleep,True,True
sub-015,06,3724.0,32.0,sz_foc_ia_m_tonic,un,temp,asleep,True,True
sub-015,08,6817.0,32.0,sz_foc_ia_m_tonic,un,temp,awake,True,True
sub-015,09,10406.0,41.0,sz_foc_ia_m_tonic,un,temp,awake,True,True
sub-015,09,37974.0,33.0,sz_foc_ia_m_tonic,un,temp,asleep,True,True
sub-016,02,12491.0,230.0,sz_foc_ua_nm,right,temp,awake,False,True
sub-016,03,3076.0,301.0,sz_foc_f2b,left,temp,awake,True,True
sub-017,01,21268.0,134.0,sz_foc_f2b,left,par,awake,True,True
sub-018,03,55807.0,144.0,sz_foc_ia_m_automatisms,right,temp,awake,True,True
sub-019,07,33765.0,154.0,sz_foc_f2b,bi,cen_par,awake,True,True
sub-020,05,25633.0,70.0,sz_foc_ia_nm,left,temp_occ,awake,True,True
sub-021,01,12601.0,159.0,sz_foc_ia_m_hyperkinetic,left,temp,asleep,True,True
sub-021,04,12746.0,56.0,sz_foc_ia_m_hyperkinetic,left,temp,awake,True,True
sub-021,04,59556.0,83.0,sz_foc_ia_m_hyperkinetic,left,temp,asleep,True,True
sub-021,04,68064.0,79.0,sz_foc_ia_m_hyperkinetic,left,temp,asleep,True,True
sub-022,03,2840.0,97.0,sz_foc_ia_m_automatisms,left,temp,awake,True,True
sub-022,04,1961.0,75.0,sz_foc_ia_m_automatisms,left,temp,awake,True,True
sub-022,04,18571.0,112.0,sz_foc_ia_m_automatisms,left,temp,awake,True,True
sub-022,04,65318.0,70.0,sz_foc_ia_m_automatisms,left,temp,asleep,True,True
sub-022,06,19703.0,83.0,sz_foc_ia_m_automatisms,left,temp,awake,True,True
sub-022,06,27743.0,25.0,sz_foc_ia_m_automatisms,right,temp,awake,True,True
sub-022,10,15635.0,41.0,sz_foc_ia_m_automatisms,right,temp,awake,True,True
sub-023,03,47185.0,84.0,sz_foc_f2b,un,un,awake,True,True
sub-024,01,33583.0,170.0,sz_foc_f2b,right,front,awake,True,True
sub-024,07,57264.0,105.0,sz_foc_f2b,right,front,asleep,True,True
sub-025,03,3986.0,29.0,sz_foc_a_m_hyperkinetic,right,front,awake,True,True
sub-025,04,11582.0,27.0,sz_foc_a_m_hyperkinetic,right,front,awake,True,True
sub-025,04,62990.0,108.0,sz_foc_f2b,right,front,asleep,True,True
sub-026,01,2418.0,58.0,sz_foc_ia_m_automatisms,left,temp,awake,True,True
sub-026,03,3446.0,52.0,sz_foc_ia_m_automatisms,left,temp,awake,True,True
sub-026,04,13221.0,80.0,sz_foc_ia_m_automatisms,left,temp,awake,True,True
sub-026,06,4611.0,86.0,sz_foc_ia_m_automatisms,left,temp,awake,True,True
sub-027,07,59406.0,55.0,sz_foc_f2b,left,temp,asleep,True,True
sub-028,01,4980.0,29.0,sz_foc_ia_m_automatisms,left,temp,awake,True,True
sub-028,04,46055.0,45.0,sz_foc_ia_nm,left,temp,asleep,True,True
sub-028,04,66452.0,63.0,sz_foc_ia_m_automatisms,left,temp,asleep,True,True
sub-028,05,8024.0,48.0,sz_foc_ia_m_automatisms,left,temp,awake,True,True
sub-029,08,36543.0,21.0,sz_foc_a_nm,left,temp,asleep,True,True
sub-029,08,46370.0,189.0,sz_foc_f2b,left,temp,asleep,True,True
sub-029,10,26972.0,34.0,sz_foc_ua_nm_behavior,left,temp,asleep,True,True
sub-029,10,54485.0,24.0,sz_foc_ua_nm_behavior,left,temp,asleep,True,True
sub-030,03,52442.0,151.0,sz_foc_ua_nm_behavior,left,occ,asleep,True,True
sub-030,03,72505.0,81.0,sz_foc_ua_m_hyperkinetic,left,occ,asleep,True,True
sub-030,04,1446.0,73.0,sz_foc_a_nm,left,occ,awake,True,True
sub-030,04,2951.0,81.0,sz_foc_a_nm,left,occ,awake,True,True
sub-030,05,19023.0,49.0,sz_foc_a_nm,left,occ,awake,True,True
sub-030,05,28292.0,28.0,sz_foc_a_nm,left,occ,awake,True,True
sub-030,05,39155.0,39.0,sz_foc_a_nm,left,occ,awake,True,True
sub-031,03,877.0,51.0,sz_foc_a_nm,left,par_temp,awake,True,True
sub-031,03,42179.0,64.0,sz_foc_a_nm,left,par_temp,awake,True,True
sub-031,03,56454.0,78.0,sz_foc_f2b,left,par_temp,asleep,True,True
sub-032,05,1585.0,146.0,sz_foc_f2b,right,front,awake,True,True
sub-033,12,10130.0,109.0,sz_foc_ia_m_hyperkinetic,left,temp,awake,True,True
sub-034,01,5477.0,25.0,sz_foc_ia_m_hyperkinetic,un,front,awake,True,True
sub-034,03,11462.0,11.0,sz_foc_ia_m_hyperkinetic,un,front,awake,True,True
sub-034,03,16836.0,12.0,sz_foc_ia_m_hyperkinetic,un,front,awake,True,True
sub-034,03,19827.0,12.0,sz_foc_ia_m_hyperkinetic,un,front,awake,True,True
sub-034,03,22516.0,17.0,sz_foc_ia_m_hyperkinetic,un,front,awake,True,True
sub-034,03,25156.0,14.0,sz_foc_ia_m_hyperkinetic,un,front,awake,True,True
sub-034,03,29297.0,19.0,sz_foc_ia_m_hyperkinetic,un,front,awake,True,True
sub-034,03,31427.0,21.0,sz_foc_ia_m_hyperkinetic,un,front,awake,True,True
sub-034,04,2135.0,26.0,sz_foc_ia_m_hyperkinetic,un,front,asleep,True,True
sub-034,07,47994.0,9.0,sz_foc_ia_m_hyperkinetic,un,front,awake,True,True
sub-034,07,50359.0,14.0,sz_foc_ia_m_hyperkinetic,un,front,asleep,True,True
sub-034,07,52019.0,32.0,sz_foc_ia_m_hyperkinetic,un,front,asleep,True,True
sub-034,07,54651.0,19.0,sz_foc_ia_m_hyperkinetic,un,front,awake,True,True
sub-034,07,56463.0,28.0,sz_foc_ia_m_hyperkinetic,un,front,asleep,True,True
sub-034,07,66142.0,17.0,sz_foc_ia_m_hyperkinetic,un,front,awake,True,True
sub-034,08,1813.0,22.0,sz_foc_ia_m_hyperkinetic,un,front,awake,True,True
sub-034,08,6321.0,23.0,sz_foc_ia_m_hyperkinetic,un,front,awake,True,True
sub-034,09,1664.0,13.0,sz_foc_ia_m_hyperkinetic,un,front,awake,True,True
sub-034,09,41984.0,11.0,sz_foc_ia_m_hyperkinetic,un,front,awake,True,True
sub-034,09,44446.0,11.0,sz_foc_ia_m_hyperkinetic,un,front,awake,True,True
sub-034,09,46490.0,12.0,sz_foc_ia_m_hyperkinetic,un,front,awake,True,True
sub-034,09,49665.0,13.0,sz_foc_ia_m_hyperkinetic,un,front,awake,True,True
sub-034,09,52260.0,15.0,sz_foc_ia_m_hyperkinetic,un,front,awake,True,True
sub-034,09,53435.0,33.0,sz_foc_ia_m_hyperkinetic,un,front,asleep,True,True
sub-034,09,55077.0,33.0,sz_foc_ia_m_hyperkinetic,un,front,awake,True,True
sub-034,09,56422.0,16.0,sz_foc_ia_m_hyperkinetic,un,front,awake,True,True
sub-034,09,57799.0,12.0,sz_foc_ia_m_hyperkinetic,un,front,asleep,True,True
sub-034,09,59797.0,27.0,sz_foc_ia_m_hyperkinetic,un,front,asleep,True,True
sub-034,10,800.0,40.0,sz_foc_ia_m_hyperkinetic,un,front,asleep,True,True
sub-034,10,5975.0,26.0,sz_foc_ia_m_hyperkinetic,un,front,asleep,True,True
sub-035,03,20397.0,5.0,sz_foc_a_m_hyperkinetic,un,front,asleep,True,True
sub-035,03,23343.0,13.0,sz_foc_a_m_hyperkinetic,un,front,asleep,True,True
sub-035,03,24019.0,21.0,sz_foc_a_m_hyperkinetic,un,front,asleep,True,True
sub-035,03,30747.0,14.0,sz_foc_a_m_hyperkinetic,un,front,asleep,True,True
sub-035,03,31486.0,14.0,sz_foc_a_m_hyperkinetic,un,front,asleep,True,True
sub-035,03,32328.0,10.0,sz_foc_a_m_hyperkinetic,un,front,asleep,True,True
sub-035,03,32566.0,10.0,sz_foc_a_m_hyperkinetic,un,front,asleep,True,False
sub-035,03,33188.0,14.0,sz_foc_a_m_hyperkinetic,un,front,asleep,True,True
sub-035,03,34090.0,5.0,sz_foc_a_m_hyperkinetic,un,front,asleep,True,True
sub-035,03,34606.0,10.0,sz_foc_a_m_hyperkinetic,un,front,asleep,True,True
sub-035,03,34941.0,5.0,sz_foc_a_m_hyperkinetic,un,front,asleep,True,True
sub-035,03,35134.0,10.0,sz_foc_a_m_hyperkinetic,un,front,asleep,True,False
sub-035,03,35686.0,7.0,sz_foc_a_m_hyperkinetic,un,front,asleep,True,True
sub-035,04,412.0,13.0,sz_foc_a_m_hyperkinetic,un,front,asleep,True,True
sub-035,04,1099.0,7.0,sz_foc_a_m_hyperkinetic,un,front,asleep,True,True
sub-035,04,4660.0,10.0,sz_foc_a_m_hyperkinetic,un,front,asleep,True,True
sub-035,06,10398.0,14.0,sz_foc_a_m_hyperkinetic,un,front,asleep,True,True
sub-035,06,10679.0,20.0,sz_foc_a_m_hyperkinetic,un,front,asleep,True,True
sub-035,06,24666.0,10.0,sz_foc_a_m_hyperkinetic,un,front,asleep,True,True
sub-035,07,18120.0,8.0,sz_foc_a_m_hyperkinetic,un,front,asleep,True,True
sub-035,07,31615.0,9.0,sz_foc_a_m_hyperkinetic,un,front,asleep,True,True
sub-035,07,32069.0,15.0,sz_foc_a_m_hyperkinetic,un,front,asleep,True,True
sub-035,07,32754.0,18.0,sz_foc_a_m_hyperkinetic,un,front,asleep,True,True
sub-035,07,33273.0,15.0,sz_foc_a_m_hyperkinetic,un,front,asleep,True,True
sub-035,07,33551.0,12.0,sz_foc_a_m_hyperkinetic,un,front,asleep,True,True
sub-035,07,35733.0,11.0,sz_foc_a_m_hyperkinetic,un,front,asleep,True,True
sub-035,07,35965.0,12.0,sz_foc_a_m_hyperkinetic,un,front,asleep,True,False
sub-035,07,36701.0,14.0,sz_foc_a_m_hyperkinetic,un,front,asleep,True,True
sub-035,07,37098.0,9.0,sz_foc_a_m_hyperkinetic,un,front,asleep,True,True
sub-035,07,37596.0,7.0,sz_foc_a_m_hyperkinetic,un,front,asleep,True,True
sub-035,07,37916.0,10.0,sz_foc_a_m_hyperkinetic,un,front,asleep,True,True
sub-035,07,38407.0,12.0,sz_foc_a_m_hyperkinetic,un,front,asleep,True,True
sub-035,07,38691.0,10.0,sz_foc_a_m_hyperkinetic,un,front,asleep,True,True
sub-035,09,11841.0,9.0,sz_foc_a_m_hyperkinetic,un,front,asleep,True,True
sub-035,09,13318.0,13.0,sz_foc_a_m_hyperkinetic,un,front,asleep,True,True
sub-035,09,13689.0,9.0,sz_foc_a_m_hyperkinetic,un,front,asleep,True,True
sub-035,09,13840.0,12.0,sz_foc_a_m_hyperkinetic,un,front,asleep,True,False
sub-035,11,25905.0,13.0,sz_foc_a_m_hyperkinetic,un,front,asleep,True,True
sub-035,11,28581.0,5.0,sz_foc_a_m_hyperkinetic,un,front,asleep,True,True
sub-035,11,29756.0,13.0,sz_foc_a_m_hyperkinetic,un,front,asleep,True,True
sub-035,11,30872.0,14.0,sz_foc_a_m_hyperkinetic,un,front,asleep,True,True
sub-035,11,32598.0,8.0,sz_foc_a_m_hyperkinetic,un,front,asleep,True,True
sub-035,11,34286.0,7.0,sz_foc_a_m_hyperkinetic,un,front,asleep,True,True
sub-035,11,34664.0,12.0,sz_foc_a_m_hyperkinetic,un,front,asleep,True,True
sub-035,11,34998.0,9.0,sz_foc_a_m_hyperkinetic,un,front,asleep,True,True
sub-035,11,35467.0,9.0,sz_foc_a_m_hyperkinetic,un,front,asleep,True,True
sub-035,11,36099.0,6.0,sz_foc_a_m_hyperkinetic,un,front,asleep,True,True
sub-035,11,36589.0,14.0,sz_foc_a_m_hyperkinetic,un,front,asleep,True,True
sub-035,11,37098.0,14.0,sz_foc_a_m_hyperkinetic,un,front,asleep,True,True
sub-035,12,1801.0,15.0,sz_foc_a_m_hyperkinetic,un,front,asleep,True,True
sub-035,14,9057.0,10.0,sz_foc_a_m_hyperkinetic,un,front,asleep,True,True
sub-035,14,9450.0,8.0,sz_foc_a_m_hyperkinetic,un,front,asleep,True,True
sub-035,14,9688.0,7.0,sz_foc_a_m_hyperkinetic,un,front,asleep,True,False
sub-035,14,11239.0,10.0,sz_foc_a_m_hyperkinetic,un,front,asleep,True,True
sub-035,14,11738.0,4.0,sz_foc_a_m_hyperkinetic,un,front,asleep,True,True
sub-036,01,40971.0,38.0,sz_foc_ia_m_hyperkinetic,left,front,asleep,True,True
sub-036,01,43485.0,41.0,sz_foc_ia_m_hyperkinetic,left,front,asleep,True,True
sub-036,01,46456.0,53.0,sz_foc_ia_m_hyperkinetic,left,front,asleep,True,True
sub-037,01,70421.0,131.0,sz_foc_ua_m_automatisms,right,occ,awake,True,True
sub-037,01,74430.0,172.0,sz_foc_ua_m_automatisms,right,occ,awake,True,True
sub-038,07,86416.0,90.0,sz_foc_ia_m_clonic,left,front_temp,asleep,True,True
sub-039,01,11410.0,9.0,sz_foc_a_m_hyperkinetic,un,un,awake,True,True
sub-039,01,15928.0,10.0,sz_foc_a_m_hyperkinetic,un,un,awake,True,True
sub-039,01,30269.0,9.0,sz_foc_a_m_hyperkinetic,un,un,awake,True,True
sub-039,01,35010.0,7.0,sz_foc_a_m_hyperkinetic,un,un,asleep,True,True
sub-039,01,35631.0,10.0,sz_foc_a_m_hyperkinetic,un,un,asleep,True,True
sub-039,01,36044.0,10.0,sz_foc_a_m_hyperkinetic,un,un,asleep,True,True
sub-039,01,36402.0,9.0,sz_foc_a_m_hyperkinetic,un,un,asleep,True,True
sub-039,01,37011.0,9.0,sz_foc_ua_nm,un,un,asleep,True,True
sub-039,01,42268.0,11.0,sz_foc_ua_nm,un,un,asleep,True,True
sub-039,01,45330.0,10.0,sz_foc_ua_nm,un,un,asleep,True,True
sub-039,01,61394.0,12.0,sz_foc_ua_nm,un,un,asleep,True,True
sub-039,01,67186.0,12.0,sz_foc_ua_nm,un,un,asleep,True,True
sub-039,02,2471.0,10.0,sz_foc_a_m_hyperkinetic,right,front,awake,True,True
sub-039,02,8852.0,10.0,sz_foc_a_m_hyperkinetic,un,un,awake,True,True
sub-039,03,1283.0,10.0,sz_foc_a_m_hyperkinetic,right,front_temp,awake,True,True
sub-039,04,336.0,11.0,sz_foc_a_m_hyperkinetic,un,un,awake,True,True
sub-039,04,4094.0,12.0,sz_foc_a_m_hyperkinetic,un,un,awake,True,True
sub-039,04,7193.0,13.0,sz_foc_a_m_hyperkinetic,un,un,awake,True,True
sub-039,04,13338.0,13.0,sz_foc_a_m_hyperkinetic,un,un,awake,True,True
sub-039,04,21502.0,9.0,sz_foc_a_m_hyperkinetic,un,un,awake,True,True
sub-039,04,28824.0,9.0,sz_foc_ua_nm,un,un,asleep,True,True
sub-039,04,29274.0,17.0,sz_foc_ua_nm,un,un,asleep,True,True
sub-039,04,29863.0,11.0,sz_foc_ua_nm,un,un,asleep,True,True
sub-039,04,30271.0,11.0,sz_foc_ua_nm,un,un,asleep,True,True
sub-039,04,30967.0,10.0,sz_foc_a_m_hyperkinetic,un,un,asleep,True,True
sub-039,04,31632.0,10.0,sz_foc_a_m_hyperkinetic,un,un,asleep,True,True
sub-039,04,34405.0,12.0,sz_foc_a_m_hyperkinetic,un,un,asleep,True,True
sub-039,04,37352.0,11.0,sz_foc_a_m_hyperkinetic,un,un,asleep,True,True
sub-039,04,38336.0,13.0,sz_foc_a_m_hyperkinetic,un,un,asleep,True,True
sub-039,04,39865.0,12.0,sz_foc_a_m_hyperkinetic,un,un,asleep,True,True
sub-039,04,40827.0,11.0,sz_foc_a_m_hyperkinetic,un,un,asleep,True,True
sub-039,04,42518.0,29.0,sz_foc_ua_nm,un,un,asleep,True,True
sub-039,04,46813.0,14.0,sz_foc_a_m_hyperkinetic,un,un,asleep,True,True
sub-039,04,47255.0,11.0,sz_foc_a_m_hyperkinetic,un,un,asleep,True,True
sub-039,04,48488.0,12.0,sz_foc_ua_m_tonic,un,un,asleep,True,True
sub-039,04,61281.0,13.0,sz_foc_a_m_hyperkinetic,un,un,asleep,True,True
sub-039,04,63218.0,13.0,sz_foc_a_m_hyperkinetic,un,un,asleep,True,True
sub-039,06,551.0,10.0,sz_foc_a_m_hyperkinetic,un,un,awake,True,True
sub-039,06,7857.0,13.0,sz_foc_a_m_hyperkinetic,un,un,awake,True,True
sub-039,06,15660.0,12.0,sz_foc_a_m_hyperkinetic,un,un,awake,True,True
sub-039,06,19330.0,13.0,sz_foc_a_m_hyperkinetic,un,un,awake,True,True
sub-039,06,22393.0,13.0,sz_foc_a_m_hyperkinetic,un,un,awake,True,True
sub-039,06,26606.0,13.0,sz_foc_a_m_hyperkinetic,un,un,awake,True,True
sub-039,06,31747.0,13.0,sz_foc_a_m_hyperkinetic,un,un,awake,True,True
sub-039,06,47474.0,11.0,sz_foc_ua_um,un,un,asleep,True,True
sub-039,06,47825.0,7.0,sz_foc_ua_um,un,un,asleep,True,True
sub-039,06,48152.0,6.0,sz_foc_ua_um,un,un,asleep,True,True
sub-039,06,48544.0,8.0,sz_foc_ua_um,un,un,asleep,True,True
sub-039,06,54875.0,14.0,sz_foc_ua_um,un,un,asleep,True,True
sub-039,06,62041.0,10.0,sz_foc_ua_um,un,un,asleep,True,True
sub-039,06,65191.0,12.0,sz_foc_ua_um,un,un,asleep,True,True
sub-039,06,66305.0,14.0,sz_foc_ua_um,un,un,asleep,True,True
sub-039,06,68378.0,11.0,sz_foc_ua_um,un,un,asleep,True,True
sub-039,06,78789.0,13.0,sz_foc_ua_um,un,un,asleep,True,True
sub-039,08,15465.0,10.0,sz_foc_ua_um,un,un,asleep,True,True
sub-039,09,10591.0,11.0,sz_foc_a_m_hyperkinetic,un,un,awake,True,True
sub-039,09,26285.0,8.0,sz_foc_ua_um,un,un,asleep,True,True
sub-039,09,26484.0,6.0,sz_foc_ua_um,un,un,asleep,True,False
sub-039,09,26769.0,8.0,sz_foc_a_m_hyperkinetic,un,un,asleep,True,True
sub-039,09,27016.0,9.0,sz_foc_ua_um,un,un,asleep,True,False
sub-039,09,27223.0,10.0,sz_foc_ua_um,un,un,asleep,True,False
sub-039,09,27710.0,9.0,sz_foc_ua_um,un,un,asleep,True,True
sub-039,09,28421.0,7.0,sz_foc_ua_um,un,un,asleep,True,True
sub-039,09,29554.0,8.0,sz_foc_ua_um,un,un,asleep,True,True
sub-039,09,31119.0,9.0,sz_foc_ua_um,un,un,asleep,True,True
sub-039,09,31783.0,9.0,sz_foc_ua_um,un,un,asleep,True,True
sub-039,09,33117.0,10.0,sz_foc_ua_um,un,un,asleep,True,True
sub-039,09,35283.0,8.0,sz_foc_ua_um,un,un,asleep,True,True
sub-039,09,38127.0,10.0,sz_foc_ua_um,un,un,asleep,True,True
sub-039,09,39542.0,12.0,sz_foc_ua_um,un,un,asleep,True,True
sub-039,09,45761.0,12.0,sz_foc_ua_um,un,un,asleep,True,True
sub-039,09,52515.0,12.0,sz_foc_ua_um,un,un,asleep,True,True
sub-039,09,53438.0,12.0,sz_foc_ua_um,un,un,asleep,True,True
sub-039,09,57337.0,12.0,sz_foc_ua_um,un,un,asleep,True,True
sub-039,09,61026.0,11.0,sz_foc_ua_um,un,un,asleep,True,True
sub-040,04,7532.0,48.0,sz_foc_ia_m_tonic,un,un,awake,True,True
sub-040,04,72267.0,95.0,sz_foc_ia_m_tonic,un,un,awake,True,True
sub-040,05,36743.0,41.0,sz_foc_ia_m_tonic,un,un,awake,True,True
sub-041,01,7458.0,2.0,sz_foc_ua_nm_behavior,left,front_cen,awake,True,True
sub-041,01,11431.0,13.0,sz_foc_ua_nm_behavior,left,front_cen,awake,True,True
sub-042,01,6886.0,12.0,sz_foc_ua_um,un,front_temp,un,False,True
sub-042,01,7194.0,8.0,sz_foc_ua_um,un,front_temp,un,False,True
sub-042,01,13071.0,21.0,sz_foc_ua_um,un,front,un,False,True
sub-042,04,33583.0,14.0,sz_foc_ua_nm,un,un,asleep,True,True
sub-042,04,50273.0,23.0,sz_foc_ua_nm,un,ins,asleep,True,True
sub-042,06,18480.0,23.0,sz_foc_ua_um,un,ins,awake,False,True
sub-042,07,5870.0,19.0,sz_foc_ua_nm_behavior,un,un,asleep,False,True
sub-042,07,6457.0,11.0,sz_foc_ua_nm_behavior,un,un,asleep,False,True
sub-042,08,28419.0,15.0,sz_foc_ua_nm,un,ins,asleep,True,True
sub-042,08,28849.0,25.0,sz_foc_ua_nm,un,ins,asleep,True,True
sub-042,08,33846.0,18.0,sz_foc_ua_m_hyperkinetic,un,un,asleep,True,True
sub-043,05,50155.0,20.0,sz_foc_ia,right,front,awake,True,True
sub-043,06,5713.0,18.0,sz_foc_ia,un,front,awake,True,True
sub-043,07,4616.0,18.0,sz_foc_ia_m_tonic,un,front,awake,True,True
sub-043,08,3970.0,22.0,sz_foc_ia,un,front,awake,True,True
sub-043,08,12664.0,21.0,sz_foc_ia,un,front,awake,True,True
sub-044,01,34212.0,21.0,sz_foc_ia_m_tonic,left,occ,awake,True,True
sub-044,05,72867.0,139.0,sz_foc_ia_m_automatisms,left,occ,asleep,True,True
sub-044,05,73301.0,30.0,sz_foc_ua_nm_behavior,left,occ,awake,True,True
sub-044,05,74661.0,95.0,sz_foc_ua_nm_behavior,left,occ,awake,True,True
sub-045,03,2067.0,24.0,sz_foc_ia_m_automatisms,left,temp,awake,True,True
sub-045,09,4648.0,138.0,sz_foc_ia_m_hyperkinetic,left,front_temp,awake,True,True
sub-046,01,22736.0,21.0,sz_foc_a_nm_behavior,un,un,awake,True,True
sub-046,01,45983.0,28.0,sz_foc_a_nm,un,un,asleep,True,True
sub-046,01,49920.0,96.0,sz_foc_f2b,left,un,asleep,True,True
sub-046,01,55096.0,75.0,sz_foc_f2b,left,un,asleep,True,True
sub-047,01,5357.0,12.0,sz_foc_ia_nm,un,un,awake,True,True
sub-047,01,5547.0,17.0,sz_foc_ia_nm,un,un,awake,True,False
sub-047,01,5852.0,13.0,sz_foc_ia_nm,un,un,awake,True,True
sub-047,01,6018.0,10.0,sz_foc_ia_nm,un,un,awake,True,False
sub-047,01,6099.0,12.0,sz_foc_ia_nm,un,un,awake,True,False
sub-047,01,6235.0,14.0,sz_foc_ia_nm,un,un,awake,True,False
sub-047,02,35594.0,15.0,sz_foc_ia_nm,right,temp,awake,True,True
sub-047,02,35837.0,10.0,sz_foc_ia_nm,right,un,awake,True,False
sub-047,02,36044.0,12.0,sz_foc_ia_nm,right,temp,awake,True,False
sub-047,02,57461.0,13.0,sz_foc_ia_nm,un,un,awake,True,True
sub-047,02,57603.0,13.0,sz_foc_ia_nm,un,un,awake,True,False
sub-047,02,57663.0,10.0,sz_foc_ia_nm,un,un,awake,True,False
sub-047,02,57738.0,13.0,sz_foc_ia_nm,un,un,awake,True,False
sub-047,02,58087.0,12.0,sz_foc_ia_nm,un,un,awake,True,True
sub-047,02,58190.0,14.0,sz_foc_ia_nm,un,un,awake,True,False
sub-047,02,58369.0,15.0,sz_foc_ia_nm,un,un,awake,True,False
sub-047,02,58652.0,14.0,sz_foc_ia_nm,un,un,awake,True,True
sub-047,02,59088.0,8.0,sz_foc_ia_nm,un,un,awake,True,True
sub-047,03,2602.0,8.0,sz_foc_ia_nm,un,un,awake,True,True
sub-047,03,2683.0,5.0,sz_foc_ia_nm,un,un,awake,True,False
sub-047,03,2767.0,6.0,sz_foc_ia_nm,un,un,awake,True,False
sub-047,03,2873.0,8.0,sz_foc_ia_nm,un,un,awake,True,False
sub-047,03,3449.0,4.0,sz_foc_ia_nm,un,un,awake,True,True
sub-047,04,38412.0,2.0,sz_foc_ia_nm,un,un,asleep,True,True
sub-047,04,38490.0,9.0,sz_foc_ia_nm,un,un,asleep,True,False
sub-047,04,38530.0,10.0,sz_foc_ia_nm,un,un,asleep,True,False
sub-047,04,38575.0,12.0,sz_foc_ia_nm,un,un,asleep,True,False
sub-047,04,38631.0,12.0,sz_foc_ia_nm,un,un,asleep,True,False
sub-047,04,38691.0,13.0,sz_foc_ia_nm,un,un,asleep,True,False
sub-047,04,38766.0,16.0,sz_foc_ia_nm,un,un,asleep,True,False
sub-047,04,38858.0,8.0,sz_foc_ia_nm,un,un,asleep,True,False
sub-047,04,38892.0,15.0,sz_foc_ia_nm,un,un,asleep,True,False
sub-047,04,39052.0,9.0,sz_foc_ia_nm,un,un,asleep,True,False
sub-047,04,39091.0,7.0,sz_foc_ia_nm,un,un,asleep,True,False
sub-047,04,39154.0,4.0,sz_foc_ia_nm,un,un,asleep,True,False
sub-047,04,68924.0,13.0,sz_foc_ia_nm,un,un,awake,True,True
sub-047,04,69039.0,14.0,sz_foc_ia_nm,un,un,awake,True,False
sub-047,04,69108.0,14.0,sz_foc_ia_nm,un,un,awake,True,False
sub-047,04,69186.0,15.0,sz_foc_ia_nm,un,un,awake,True,False
sub-047,04,69278.0,13.0,sz_foc_ia_nm,un,un,awake,True,False
sub-047,04,69379.0,15.0,sz_foc_ia_nm,un,un,awake,True,False
sub-047,04,69450.0,15.0,sz_foc_ia_nm,un,un,awake,True,False
sub-047,04,69548.0,12.0,sz_foc_ia_nm,un,un,awake,True,False
sub-047,04,69906.0,62.0,sz_foc_ia_nm,un,un,awake,True,True
sub-047,06,14441.0,10.0,sz_foc_ia_nm,un,un,awake,True,True
sub-047,06,14506.0,10.0,sz_foc_ia_nm,un,un,awake,True,False
sub-047,06,14579.0,12.0,sz_foc_ia_nm,un,un,awake,True,False
sub-047,06,14672.0,17.0,sz_foc_ia_nm,un,un,awake,True,False
sub-047,06,14839.0,16.0,sz_foc_ia_nm,un,un,awake,True,False
sub-047,06,14917.0,19.0,sz_foc_ia_nm,un,un,awake,True,False
sub-047,07,31873.0,7.0,sz_foc_ia_nm,un,un,asleep,True,True
sub-047,07,47628.0,12.0,sz_foc_ia_nm,un,un,asleep,True,True
sub-047,07,47776.0,12.0,sz_foc_ia_nm,un,un,asleep,True,False
sub-047,07,49202.0,15.0,sz_foc_ia_nm,un,un,asleep,True,True
sub-047,07,49383.0,13.0,sz_foc_ia_nm,un,un,asleep,True,False
sub-047,07,49592.0,14.0,sz_foc_ia_nm,un,un,asleep,True,False
sub-047,07,49709.0,17.0,sz_foc_ia_nm,un,un,asleep,True,False
sub-047,07,49944.0,17.0,sz_foc_ia_nm,un,un,awake,True,False
sub-047,07,50099.0,12.0,sz_foc_ia_nm,un,un,awake,True,False
sub-047,07,50224.0,19.0,sz_foc_ia_nm,un,un,awake,True,False
sub-047,07,50316.0,21.0,sz_foc_ia_nm,un,un,awake,True,False
sub-047,07,50462.0,17.0,sz_foc_ia_nm,un,un,awake,True,False
sub-047,07,50663.0,22.0,sz_foc_ia_nm,un,un,awake,True,False
sub-047,07,50884.0,16.0,sz_foc_ia_nm,un,un,awake,True,False
sub-048,06,15077.0,31.0,sz_foc_a_um,right,front_cen_par,asleep,False,True
sub-049,02,30380.0,484.0,sz_foc_f2b,left,temp,awake,False,True
sub-050,05,15811.0,33.0,sz_foc_a_nm,right,cen_temp,awake,True,True
sub-050,05,17521.0,63.0,sz_foc_ia_m_hyperkinetic,left,front_cen_temp,awake,True,True
sub-050,05,25235.0,48.0,sz_foc_ia_m_hyperkinetic,left,temp,awake,True,True
sub-051,01,12608.0,22.0,sz_foc_a_um,left,front_temp,awake,True,True
sub-051,01,27803.0,25.0,sz_foc_ia_um,left,front_temp,awake,True,True
sub-051,01,46770.0,13.0,sz_foc_ua_m,left,front_temp,awake,True,True
sub-051,02,17418.0,17.0,sz_foc_ua_m,bi,front,asleep,True,True
sub-051,02,21688.0,16.0,sz_foc_ua_m,left,front_temp,asleep,True,True
sub-052,01,29580.0,13.0,sz_foc_a_nm,left,temp,awake,True,True
sub-052,03,15248.0,70.0,sz_foc_a_nm,un,un,awake,True,True
sub-052,05,11235.0,74.0,sz_foc_a_nm,un,un,awake,True,True
sub-052,05,16727.0,33.0,sz_foc_ia_m_hyperkinetic,left,temp,awake,True,True
sub-052,05,35901.0,353.0,sz_foc_ia_m_hyperkinetic,left,front_cen_par,awake,True,True
sub-052,07,7833.0,160.0,sz_foc_ua_nm,left,temp,awake,True,True
sub-052,07,17785.0,144.0,sz_foc_a_nm,left,temp,awake,True,True
sub-052,07,28287.0,121.0,sz_foc_a_nm,left,temp,awake,True,True
sub-052,08,32186.0,61.0,sz_foc_ua_nm,left,front_cen_temp,awake,True,True
sub-053,02,31223.0,253.0,sz_foc_a_m_hyperkinetic,un,un,awake,True,True
sub-053,03,13670.0,6.0,sz_foc_a_m_hyperkinetic,right,temp,awake,True,True
sub-054,04,11683.0,44.0,sz_foc_f2b,left,front_cen,awake,False,True
sub-055,01,40004.0,403.0,sz_foc_ua_nm,left,cen_temp_par,asleep,True,True
sub-055,01,40380.0,485.0,sz_foc_ua_nm,left,temp_par_occ,asleep,True,False
sub-055,01,40842.0,365.0,sz_foc_ua_nm,right,temp_par_occ,asleep,True,False
sub-055,01,41183.0,124.0,sz_foc_ua_nm,right,temp_par_occ,asleep,True,False
sub-055,01,41284.0,31.0,sz_foc_ua_nm,left,temp_par_occ,asleep,True,False
sub-055,02,70.0,34.0,sz_foc_ua_nm,right,temp_par_occ,asleep,True,False
sub-055,02,19901.0,16.0,sz_foc_ua_nm,left,temp_par_occ,asleep,True,True
sub-055,03,9199.0,17.0,sz_foc_ua_nm,left,temp_par_occ,asleep,True,True
sub-056,02,780.0,65.0,sz_foc_ia_m_hyperkinetic,left,temp,awake,True,True
sub-056,02,20503.0,93.0,sz_foc_ia_m_hyperkinetic,left,temp,asleep,True,True
sub-056,02,44280.0,91.0,sz_foc_ia_m_hyperkinetic,left,temp,awake,True,True
sub-056,03,12667.0,97.0,sz_foc_ia_m_hyperkinetic,right,front_temp,awake,True,True
sub-056,03,29846.0,93.0,sz_foc_ia_m_hyperkinetic,left,temp,asleep,True,True
sub-056,04,7.0,163.0,sz_foc_ia_m_hyperkinetic,left,temp,asleep,True,False
sub-056,04,13855.0,164.0,sz_foc_ia_m_hyperkinetic,left,temp,asleep,True,True
sub-056,04,16547.0,159.0,sz_foc_ia_m_hyperkinetic,left,temp,asleep,True,True
sub-056,04,19223.0,147.0,sz_foc_ia_m_hyperkinetic,left,temp,asleep,True,True
sub-056,04,21967.0,136.0,sz_foc_ia_m_hyperkinetic,left,temp,asleep,True,True
sub-056,04,49621.0,50.0,sz_foc_ia_m_hyperkinetic,left,temp,asleep,True,True
sub-056,05,9882.0,84.0,sz_foc_ia_m_hyperkinetic,left,temp,asleep,True,True
sub-056,05,21536.0,57.0,sz_foc_ia_m_hyperkinetic,left,temp,awake,True,True
sub-057,06,19057.0,36.0,sz_foc_ia_m_hyperkinetic,right,front,asleep,True,True
sub-058,02,2390.0,126.0,sz_foc_f2b,left,temp,asleep,False,True
sub-059,01,32171.0,14.0,sz_foc_ua_nm,right,front_cen,asleep,True,True
sub-059,01,32329.0,14.0,sz_foc_ua_nm,right,front_cen,asleep,True,False
sub-059,01,32597.0,6.0,sz_foc_ua_nm,right,front_temp,asleep,True,True
sub-059,01,33103.0,7.0,sz_foc_ua_m_hyperkinetic,right,front_cen,asleep,True,True
sub-059,02,316.0,5.0,sz_foc_ua_m_hyperkinetic,right,front_cen,asleep,True,True
sub-059,02,1118.0,4.0,sz_uo_nm,un,un,asleep,True,True
sub-059,02,1316.0,4.0,sz_foc_ua_m_hyperkinetic,right,front_cen,asleep,True,False
sub-059,02,27825.0,59.0,sz_foc_f2b,bi,front_cen,asleep,True,True
sub-060,01,288.0,29.0,sz_foc_a_nm,left,front_cen_par,awake,True,True
sub-060,01,12246.0,55.0,sz_foc_a_nm,left,front_cen_par,awake,True,True
sub-060,01,15558.0,50.0,sz_foc_ua_nm,left,front_temp,asleep,True,True
sub-060,01,15965.0,53.0,sz_foc_ua_nm,left,front_cen_temp,asleep,True,True
sub-060,02,34613.0,48.0,sz_foc_a_nm,left,cen_par,awake,True,True
sub-060,02,35554.0,149.0,sz_foc_a_nm,left,cen_par,awake,True,True
sub-060,02,36070.0,25.0,sz_foc_a_nm,left,front_cen_par,awake,True,True
sub-060,02,36872.0,17.0,sz_foc_a_nm,left,front_cen_par,awake,True,True
sub-060,02,38410.0,64.0,sz_foc_a_nm,left,front_cen_temp,awake,True,True
sub-060,02,39702.0,101.0,sz_foc_a_nm,left,front_cen_temp,awake,True,True
sub-060,02,41039.0,33.0,sz_foc_a_nm,left,front_cen_par,awake,True,True
sub-060,02,57930.0,15.0,sz_foc_a_nm,left,front_cen_par,awake,True,True
sub-060,02,59874.0,53.0,sz_foc_a_nm,left,front_cen_par,awake,True,True
sub-060,03,12999.0,11.0,sz_foc_ua_nm,right,front_cen,asleep,True,True
sub-060,04,31331.0,45.0,sz_foc_a_nm,left,cen_temp_par,awake,True,True
sub-060,04,31769.0,50.0,sz_foc_a_nm,left,front_cen_par,awake,True,True
sub-060,04,32112.0,71.0,sz_foc_a_nm,left,cen_par,awake,True,True
sub-060,04,34820.0,50.0,sz_foc_a_nm,left,front_cen_par,awake,True,True
sub-060,04,36445.0,40.0,sz_foc_a_nm,left,cen_temp_par,awake,True,True
sub-060,04,38627.0,45.0,sz_foc_a_nm,left,front_cen_par,awake,True,True
sub-060,04,45654.0,72.0,sz_foc_a_nm,left,cen_temp_par,awake,True,True
sub-060,04,49895.0,46.0,sz_foc_a_nm,left,front_cen_par,awake,True,True
sub-060,04,55567.0,51.0,sz_foc_a_nm,left,cen_temp_par,awake,True,True
sub-060,04,59813.0,56.0,sz_foc_a_nm,left,cen_par,awake,True,True
sub-060,04,60952.0,50.0,sz_foc_a_nm,left,front_cen_temp,awake,True,True
sub-061,03,18791.0,55.0,sz_foc_ia_um,left,temp,awake,True,True
sub-062,01,35670.0,25.0,sz_foc_ua_nm,left,temp,asleep,True,True
sub-062,02,19269.0,27.0,sz_foc_ua_nm,left,temp,asleep,True,True
sub-062,06,2812.0,28.0,sz_foc_ua_nm,left,temp,asleep,True,True
sub-063,04,18099.0,55.0,sz_foc_ua_nm,right,front_cen_par,asleep,True,True
sub-063,04,49559.0,78.0,sz_foc_a_nm,un,un,awake,True,True
sub-064,01,14099.0,288.0,sz_foc_f2b,left,temp_par,awake,True,True
sub-064,02,31780.0,34.0,sz_foc_a_nm,un,un,awake,True,True
sub-064,02,59813.0,19.0,sz_foc_a_nm,un,un,awake,True,True
sub-065,03,10683.0,77.0,sz_foc_ia,left,occ,un,False,True
sub-065,05,9938.0,51.0,sz_foc_ia,left,temp,awake,True,True
sub-066,06,24699.0,67.0,sz_foc_ua_nm_behavior,left,temp,un,True,True
sub-066,09,8900.0,127.0,sz_foc_ua_nm_behavior,left,temp,un,True,True
sub-066,12,1596.0,116.0,sz_foc_ia_m_automatisms,left,front,awake,True,True
sub-066,14,15856.0,84.0,sz_foc_ia_m_automatisms,left,front,awake,True,True
sub-067,05,27849.0,13.0,sz_foc_ia_m_hyperkinetic,un,un,un,True,True
sub-067,05,29422.0,14.0,sz_foc_ia_m_hyperkinetic,un,un,un,True,True
sub-067,05,32019.0,12.0,sz_foc_ia_m_hyperkinetic,un,un,un,True,True
sub-067,05,34533.0,13.0,sz_foc_ia_m_hyperkinetic,un,un,un,True,True
sub-068,05,26184.0,95.0,sz_foc_f2b,right,temp,un,True,True
sub-068,06,9616.0,115.0,sz_foc_f2b,right,temp,un,True,True
sub-068,09,2478.0,29.0,sz_foc_ua_nm_behavior,right,temp,un,True,True
sub-069,33,17768.0,113.0,sz_foc_f2b,right,front,asleep,True,True
sub-070,12,17864.0,95.0,sz_foc_f2b,right,temp,awake,True,True
sub-070,14,240.0,99.0,sz_foc_f2b,un,un,asleep,True,True
sub-071,05,4645.0,44.0,sz_foc_ua_um,un,un,awake,True,True
sub-071,08,719.0,50.0,sz_foc_ua_um,un,un,awake,True,True
sub-071,12,10508.0,124.0,sz_foc_ia,un,un,awake,True,True
sub-071,13,11185.0,91.0,sz_foc_ua_um,un,un,awake,True,True
sub-071,17,14406.0,64.0,sz_foc_ia,un,un,awake,True,True
sub-071,18,1327.0,97.0,sz_foc_ia,un,un,awake,True,True
sub-072,12,7298.0,34.0,sz_foc_ia_m_automatisms,left,temp,awake,True,True
sub-072,12,10219.0,36.0,sz_foc_ia_m_automatisms,left,temp,asleep,True,True
sub-072,12,13635.0,51.0,sz_foc_ia_m_automatisms,left,temp,asleep,True,True
sub-072,12,18807.0,50.0,sz_foc_ia_m_automatisms,left,temp,asleep,True,True
sub-072,14,6.0,74.0,sz_foc_ia_nm,left,temp,awake,True,False
sub-072,15,78.0,36.0,sz_foc_ia_nm,left,temp,awake,True,False
sub-072,16,5706.0,42.0,sz_foc_ia_nm,left,temp,awake,True,True
sub-072,16,18435.0,53.0,sz_foc_ia_nm,left,temp,awake,True,True
sub-072,17,4789.0,52.0,sz_foc_ia_nm,left,temp,awake,True,True
sub-072,17,9134.0,64.0,sz_foc_ia_nm,left,temp,awake,True,True
sub-072,17,10946.0,64.0,sz_foc_ia_nm,left,temp,awake,True,True
sub-072,17,12708.0,83.0,sz_foc_ia_nm,left,temp,asleep,True,True
sub-072,17,16270.0,82.0,sz_foc_ia_nm,left,temp,asleep,True,True
sub-072,18,3247.0,101.0,sz_foc_ia_nm,left,temp,asleep,True,True
sub-072,18,12274.0,72.0,sz_foc_ia_nm,left,temp,asleep,True,True
sub-072,18,16964.0,81.0,sz_foc_ia_nm,left,temp,asleep,True,True
sub-072,18,18566.0,117.0,sz_foc_ia_nm,left,temp,asleep,True,True
sub-072,19,388.0,442.0,sz_foc_ia_nm,left,temp,awake,True,True
sub-072,22,2.0,83.0,sz_foc_ia_nm,left,temp,awake,True,False
sub-072,22,15960.0,76.0,sz_foc_ia_nm,left,temp,awake,True,True
sub-073,16,3369.0,65.0,sz_foc_a_m_hyperkinetic,left,front_temp,awake,True,True
sub-073,20,233.0,82.0,sz_foc_a_um,left,front_temp,awake,True,False
sub-073,24,14818.0,86.0,sz_foc_a_m_hyperkinetic,left,front_temp,asleep,True,True
sub-073,26,2612.0,123.0,sz_foc_a_um,left,front_temp,awake,True,True
sub-073,27,18464.0,96.0,sz_foc_a_m_hyperkinetic,left,front_temp,awake,True,True
sub-073,30,2628.0,107.0,sz_foc_a_m_hyperkinetic,left,front_temp,awake,True,True
sub-073,31,7346.0,116.0,sz_foc_a_m_hyperkinetic,left,front_temp,awake,True,True
sub-073,31,15378.0,71.0,sz_foc_a_m_hyperkinetic,left,front_temp,asleep,True,True
sub-073,32,7144.0,107.0,sz_foc_a_m_hyperkinetic,left,front_temp,asleep,True,True
sub-073,34,12104.0,104.0,sz_foc_a_um,left,front_temp,awake,True,True
sub-073,35,15371.0,21.0,sz_foc_ua_nm_behavior,left,front_temp,un,True,True
sub-073,36,6443.0,67.0,sz_foc_a_m_hyperkinetic,left,front_temp,awake,True,True
sub-073,36,13207.0,87.0,sz_foc_a_m_hyperkinetic,left,front_temp,asleep,True,True
sub-073,36,14028.0,111.0,sz_foc_a_m_hyperkinetic,left,front_temp,asleep,True,True
sub-073,36,17995.0,94.0,sz_foc_a_m_hyperkinetic,left,front_temp,asleep,True,True
sub-073,37,2449.0,144.0,sz_foc_f2b,left,front_temp,asleep,True,True
sub-073,37,4910.0,106.0,sz_foc_a_m_hyperkinetic,left,front_temp,asleep,True,True
sub-073,37,7308.0,86.0,sz_foc_a_m_hyperkinetic,left,front_temp,asleep,True,True
sub-073,37,12098.0,92.0,sz_foc_a_m_hyperkinetic,left,front_temp,awake,True,True
sub-073,38,2982.0,105.0,sz_foc_a_um,left,front_temp,awake,True,True
sub-073,38,6032.0,121.0,sz_foc_a_um,left,front_temp,awake,True,True
sub-073,39,539.0,94.0,sz_foc_a_m_hyperkinetic,left,front_temp,awake,True,True
sub-073,39,782.0,92.0,sz_foc_a_m_hyperkinetic,left,front_temp,awake,True,False
sub-073,39,5458.0,97.0,sz_foc_a_m_hyperkinetic,left,front_temp,asleep,True,True
sub-073,39,6751.0,115.0,sz_foc_a_m_hyperkinetic,left,front_temp,awake,True,True
sub-073,39,10239.0,146.0,sz_foc_f2b,left,front_temp,awake,True,True
sub-073,39,12677.0,118.0,sz_foc_a_m_hyperkinetic,left,front_temp,asleep,True,True
sub-073,40,1670.0,74.0,sz_foc_a_m_hyperkinetic,left,front_temp,awake,True,True
sub-073,40,7351.0,84.0,sz_foc_a_m_hyperkinetic,left,front_temp,awake,True,True
sub-073,40,9908.0,91.0,sz_foc_a_m_hyperkinetic,left,front_temp,awake,True,True
sub-073,40,11982.0,99.0,sz_foc_a_m_hyperkinetic,left,front_temp,awake,True,True
sub-073,40,14698.0,103.0,sz_foc_a_m_hyperkinetic,left,front_temp,awake,True,True
sub-073,41,389.0,62.0,sz_foc_ua_nm_behavior,un,un,un,True,True
sub-073,41,781.0,69.0,sz_foc_ua_nm_behavior,un,un,un,True,True
sub-073,41,1145.0,80.0,sz_foc_ua_nm_behavior,un,un,un,True,True
sub-073,41,1251.0,108.0,sz_foc_a_m_hyperkinetic,left,front_temp,awake,True,False
sub-073,41,2806.0,111.0,sz_foc_a_m_hyperkinetic,left,front_temp,awake,True,True
sub-073,41,4197.0,111.0,sz_foc_a_m_hyperkinetic,left,front_temp,awake,True,True
sub-073,42,1.0,95.0,sz_foc_a_um,left,front_temp,awake,True,False
sub-073,42,3661.0,92.0,sz_foc_a_um,left,front_temp,awake,True,True
sub-073,42,6342.0,90.0,sz_foc_a_um,left,front_temp,awake,True,True
sub-073,42,9011.0,76.0,sz_foc_a_um,left,front_temp,awake,True,True
sub-073,42,12005.0,148.0,sz_foc_a_um,left,front_temp,asleep,True,True
sub-073,42,12783.0,118.0,sz_foc_a_um,left,front_temp,asleep,True,True
sub-073,43,888.0,89.0,sz_foc_a_m_hyperkinetic,left,front_temp,asleep,True,True
sub-073,43,7604.0,94.0,sz_foc_a_m_hyperkinetic,left,front_temp,asleep,True,True
sub-073,43,11902.0,75.0,sz_foc_a_m_hyperkinetic,left,front_temp,asleep,True,True
sub-073,45,1599.0,92.0,sz_foc_a_m_hyperkinetic,left,front_temp,awake,True,True
sub-073,45,9472.0,99.0,sz_foc_a_m_hyperkinetic,left,front_temp,awake,True,True
sub-073,45,14671.0,108.0,sz_foc_a_m_hyperkinetic,left,front_temp,awake,True,True
sub-073,46,15492.0,88.0,sz_foc_a_m_hyperkinetic,left,front_temp,awake,True,True
sub-073,47,13521.0,98.0,sz_foc_a_m_hyperkinetic,left,front_temp,asleep,True,True
sub-073,47,14144.0,99.0,sz_foc_a_m_hyperkinetic,left,front_temp,asleep,True,True
sub-073,47,15694.0,114.0,sz_foc_a_m_hyperkinetic,left,front_temp,asleep,True,True
sub-073,47,16820.0,92.0,sz_foc_a_m_hyperkinetic,left,front_temp,asleep,True,True
sub-073,48,522.0,125.0,sz_foc_a_um,left,front_temp,asleep,True,True
sub-073,48,3471.0,92.0,sz_foc_a_um,left,front_temp,asleep,True,True
sub-073,48,4903.0,112.0,sz_foc_a_um,left,front_temp,asleep,True,True
sub-073,48,6254.0,88.0,sz_foc_a_um,left,front_temp,asleep,True,True
sub-073,48,13632.0,114.0,sz_foc_a_um,left,front_temp,asleep,True,True
sub-073,48,15830.0,126.0,sz_foc_a_um,left,front_temp,asleep,True,True
sub-073,50,7481.0,141.0,sz_foc_a_m_hyperkinetic,left,front_temp,awake,True,True
sub-073,50,16721.0,96.0,sz_foc_a_m_hyperkinetic,left,front_temp,awake,True,True
sub-073,50,19691.0,95.0,sz_foc_a_m_hyperkinetic,left,front_temp,awake,True,True
sub-073,51,977.0,74.0,sz_foc_a_m_hyperkinetic,left,front_temp,asleep,True,True
sub-073,51,5337.0,108.0,sz_foc_a_m_hyperkinetic,left,front_temp,asleep,True,True
sub-073,51,7802.0,101.0,sz_foc_a_m_hyperkinetic,left,front_temp,asleep,True,True
sub-073,51,9045.0,96.0,sz_foc_a_m_hyperkinetic,left,front_temp,asleep,True,True
sub-073,51,9728.0,94.0,sz_foc_a_m_hyperkinetic,left,front_temp,asleep,True,True
sub-073,51,10209.0,61.0,sz_foc_a_m_hyperkinetic,left,front_temp,asleep,True,True
sub-073,51,10747.0,93.0,sz_foc_a_m_hyperkinetic,left,front_temp,asleep,True,True
sub-073,51,11386.0,75.0,sz_foc_a_m_hyperkinetic,left,front_temp,asleep,True,True
sub-073,51,12126.0,82.0,sz_foc_a_m_hyperkinetic,left,front_temp,asleep,True,True
sub-073,52,14003.0,115.0,sz_foc_a_m_hyperkinetic,left,front_temp,asleep,True,True
sub-073,54,21106.0,60.0,sz_foc_ua_nm_behavior,un,un,un,True,True
sub-074,02,6045.0,27.0,sz_foc_ia,un,un,awake,True,True
sub-074,02,9501.0,97.0,sz_foc_ia,left,temp,awake,True,True
sub-074,04,7974.0,54.0,sz_foc_ia_m_tonic,un,un,awake,True,True
sub-074,05,4017.0,12.0,sz_foc_ia_nm,left,temp,awake,True,True
sub-074,06,5396.0,41.0,sz_foc_ia_m_tonic,left,temp,asleep,True,True
sub-074,06,12335.0,43.0,sz_foc_ia_m_tonic,left,temp,asleep,True,True
sub-074,07,5078.0,64.0,sz_foc_ia_m_tonic,left,temp,awake,True,True
sub-074,16,18883.0,48.0,sz_foc_ia_m_tonic,left,temp,awake,True,True
sub-074,17,13016.0,43.0,sz_foc_ia_m_tonic,left,temp,awake,True,True
sub-075,01,16448.0,43.0,sz_foc_a_um,un,un,awake,True,True
sub-075,33,1052.0,67.0,sz_foc_a_um,un,un,awake,True,True
sub-076,01,1838.0,36.0,sz_foc_ia,un,un,awake,True,True
sub-076,08,1082.0,58.0,sz_foc_ia_nm,right,temp,awake,True,True
sub-076,16,8644.0,81.0,sz_foc_ia_nm,right,temp,awake,True,True
sub-077,02,13636.0,48.0,sz_foc_a_nm,left,front,awake,True,True
sub-077,02,18588.0,41.0,sz_foc_a_nm,left,front,awake,True,True
sub-077,04,1900.0,66.0,sz_foc_a_um,left,front,awake,True,True
sub-077,04,2460.0,51.0,sz_foc_ia,left,front,awake,True,True
sub-077,04,3250.0,51.0,sz_foc_a_um,left,front,awake,True,True
sub-077,06,9932.0,93.0,sz_foc_a_nm,left,front,awake,True,True
sub-077,06,12485.0,85.0,sz_foc_ia_nm,left,front,awake,True,True
sub-077,06,13162.0,81.0,sz_foc_a_nm,un,un,awake,True,True
sub-077,10,2349.0,59.0,sz_foc_a_um,left,front,awake,True,True
sub-078,26,9144.0,661.0,sz_foc_f2b,un,un,awake,True,True
sub-079,01,13097.0,29.0,sz_foc_ia_nm,left,temp,awake,True,True
sub-079,01,17337.0,107.0,sz_foc_f2b,left,temp,awake,True,True
sub-079,02,5234.0,14.0,sz_foc_a_um,left,temp,awake,True,True
sub-079,07,5989.0,8.0,sz_foc_ia_nm,un,un,awake,True,True
sub-079,07,8938.0,57.0,sz_foc_ia_nm,right,temp,awake,True,True
sub-079,09,4487.0,13.0,sz_foc_ia_nm,un,un,awake,True,True
sub-079,12,6311.0,12.0,sz_foc_ia_nm,un,un,awake,True,True
sub-079,12,11511.0,16.0,sz_foc_ia_nm,un,un,awake,True,True
sub-079,14,4593.0,20.0,sz_foc_ia_nm,right,temp,awake,True,True
sub-079,14,10913.0,31.0,sz_foc_ia_nm,un,un,awake,True,True
sub-079,14,14465.0,35.0,sz_foc_ia_nm,bi,un,awake,True,True
sub-079,15,258.0,31.0,sz_foc_ia_nm,un,un,awake,True,True
sub-079,16,18980.0,27.0,sz_foc_ia_nm,un,un,awake,True,True
sub-079,17,3910.0,28.0,sz_foc_ia_nm,un,un,awake,True,True
sub-079,17,12514.0,25.0,sz_foc_ia_nm,un,un,awake,True,True
sub-080,02,2755.0,7.0,sz_foc_ia_m_automatisms,right,temp,awake,True,True
sub-080,05,6863.0,26.0,sz_foc_ia_m_automatisms,right,temp,awake,True,True
sub-080,06,9134.0,64.0,sz_foc_ia_m_automatisms,right,temp,awake,True,True
sub-080,12,3821.0,26.0,sz_foc_ia_m_automatisms,right,temp,awake,True,True
sub-080,15,6709.0,5.0,sz_foc_ia_m_automatisms,right,temp,awake,True,True
sub-080,15,13244.0,199.0,sz_foc_f2b,right,temp,awake,True,True
sub-080,16,7328.0,34.0,sz_foc_ia_m_automatisms,right,temp,awake,True,True
sub-080,19,3344.0,43.0,sz_foc_ia_m_automatisms,right,temp,awake,True,True
sub-081,05,2691.0,41.0,sz_foc_ia,left,temp,un,True,True
sub-081,18,1299.0,33.0,sz_foc_ia,left,temp,un,True,True
sub-081,19,2503.0,52.0,sz_foc_ia,left,temp,un,True,True
sub-081,45,188.0,37.0,sz_foc_ia,left,temp,un,True,False
sub-082,11,7793.0,82.0,sz_foc_ua_um,un,temp_occ,asleep,True,True
sub-082,11,17073.0,83.0,sz_foc_ua_um,un,temp_occ,asleep,True,True
sub-082,11,26262.0,260.0,sz_foc_ua_um,un,temp_occ,asleep,True,True
sub-082,11,30841.0,143.0,sz_foc_ua_um,un,temp_occ,asleep,True,True
sub-083,32,2970.0,87.0,sz_foc_f2b,un,un,asleep,True,True
sub-084,05,1128.0,158.0,sz_foc_ia_m_automatisms,left,temp,awake,True,True
sub-084,07,2449.0,274.0,sz_foc_ia_m_automatisms,left,temp,awake,True,True
sub-084,09,815.0,136.0,sz_foc_ia_m_automatisms,left,temp,awake,True,True
sub-084,21,776.0,116.0,sz_foc_ia_m_automatisms,left,temp,awake,True,True
sub-085,34,78.0,21.0,sz_foc_ia_m_automatisms,right,temp,awake,True,False
sub-085,40,2429.0,30.0,sz_foc_ia_m_automatisms,right,front_temp,awake,True,True
sub-085,42,748.0,72.0,sz_foc_f2b,un,un,awake,True,True
sub-086,05,2608.0,34.0,sz_foc_ua_um,un,un,un,True,True
sub-086,29,799.0,147.0,sz_foc_ia_m_tonic,right,temp,awake,True,True
sub-086,35,2934.0,117.0,sz_foc_ia_m_tonic,right,temp,awake,True,True
sub-086,49,1798.0,154.0,sz_foc_a_m_automatisms,right,temp,awake,True,True
sub-087,01,1464.0,68.0,sz_foc_a_nm_behavior,left,temp,un,True,True
sub-087,02,2380.0,20.0,sz_foc_a_nm_behavior,left,temp,un,True,True
sub-087,02,3472.0,17.0,sz_foc_a_nm_behavior,left,temp,un,True,True
sub-087,03,2753.0,17.0,sz_foc_a_nm_behavior,left,temp,un,True,True
sub-087,04,416.0,82.0,sz_foc_a_um,left,front_temp,un,True,True
sub-087,05,149.0,27.0,sz_foc_a_um,left,front_temp,un,True,False
sub-087,06,718.0,24.0,sz_foc_a_nm_behavior,left,temp,un,True,True
sub-087,06,2139.0,23.0,sz_foc_a_nm_behavior,left,temp,un,True,True
sub-087,06,2588.0,36.0,sz_foc_a_nm_behavior,left,temp,un,True,True
sub-087,07,237.0,25.0,sz_foc_a_nm_behavior,left,temp,un,True,False
sub-087,08,2165.0,17.0,sz_foc_a_nm_behavior,left,temp,un,True,True
sub-087,08,3327.0,13.0,sz_foc_a_nm_behavior,left,temp,un,True,True
sub-087,09,575.0,25.0,sz_foc_a_um,left,front_temp,un,True,True
sub-087,10,539.0,14.0,sz_foc_a_nm_behavior,left,temp,un,True,True
sub-087,10,3321.0,22.0,sz_foc_a_nm_behavior,left,temp,un,True,True
sub-087,11,308.0,13.0,sz_foc_a_nm_behavior,left,temp,un,True,True
sub-087,12,2900.0,43.0,sz_foc_a_nm_behavior,left,temp,un,True,True
sub-087,13,188.0,14.0,sz_foc_a_um,left,front_temp,un,True,False
sub-087,13,1484.0,30.0,sz_foc_a_um,left,front_temp,un,True,True
sub-087,13,2194.0,15.0,sz_foc_a_um,left,front_temp,un,True,True
sub-087,13,2872.0,17.0,sz_foc_a_um,left,front_temp,un,True,True
sub-087,14,57.0,82.0,sz_foc_a_um,left,front_temp,un,True,False
sub-087,14,2386.0,99.0,sz_foc_a_nm_behavior,left,temp,un,True,True
sub-087,15,37.0,65.0,sz_foc_a_nm_behavior,left,temp,un,True,False
sub-087,15,2054.0,127.0,sz_foc_a_nm_behavior,left,temp,un,True,True
sub-087,16,213.0,78.0,sz_foc_a_nm_behavior,left,temp,un,True,False
sub-087,16,683.0,66.0,sz_foc_a_nm_behavior,left,temp,un,True,True
sub-087,16,2680.0,204.0,sz_foc_a_nm_behavior,left,temp,un,True,True
sub-087,17,38.0,122.0,sz_foc_a_um,left,front_temp,un,True,False
sub-087,18,1051.0,93.0,sz_foc_a_nm_behavior,left,temp,un,True,True
sub-087,18,3503.0,63.0,sz_foc_a_nm_behavior,left,temp,un,True,True
sub-087,20,1666.0,83.0,sz_foc_a_nm_behavior,left,temp,un,True,True
sub-087,21,2149.0,98.0,sz_foc_a_nm_behavior,left,temp,un,True,True
sub-087,21,3389.0,81.0,sz_foc_a_nm_behavior,left,temp,un,True,True
sub-087,22,840.0,93.0,sz_foc_a_nm_behavior,left,temp,un,True,True
sub-087,22,1671.0,124.0,sz_foc_a_nm_behavior,left,temp,un,True,True
sub-087,23,217.0,89.0,sz_foc_a_nm_behavior,left,temp,un,True,False
sub-087,23,3412.0,137.0,sz_foc_a_nm_behavior,left,temp,un,True,True
sub-087,24,2290.0,81.0,sz_foc_a_nm_behavior,left,temp,un,True,True
sub-087,25,9.0,84.0,sz_foc_a_um,left,front_temp,un,True,False
sub-087,25,1178.0,100.0,sz_foc_a_nm_behavior,left,temp,un,True,True
sub-087,25,2606.0,86.0,sz_foc_a_nm_behavior,left,temp,un,True,True
sub-088,21,1366.0,44.0,sz_foc_ia_m_hyperkinetic,right,temp,un,True,True
sub-089,105,2306.0,121.0,sz_foc_ia_m_hyperkinetic,left,front,awake,True,True
sub-089,36,3441.0,77.0,sz_foc_ia_m_hyperkinetic,left,front,awake,True,True
sub-089,57,1777.0,35.0,sz_foc_ia_m_hyperkinetic,left,front,awake,True,True
sub-089,61,1444.0,38.0,sz_foc_ia_m_hyperkinetic,left,front,awake,True,True
sub-089,80,3243.0,54.0,sz_foc_ia_m_hyperkinetic,left,front,awake,True,True
sub-090,01,1721.0,962.0,sz_foc_ia_nm_behavior,left,temp,awake,True,True
sub-090,02,5.0,377.0,sz_foc_a_nm_behavior,left,temp,awake,True,False
sub-090,03,2355.0,170.0,sz_foc_a_nm_behavior,left,temp,awake,True,True
sub-090,04,2641.0,176.0,sz_foc_a_nm_behavior,left,temp,awake,True,True
sub-091,01,111.0,82.0,sz_foc_ia_um,right,un,un,True,False
sub-091,02,240.0,42.0,sz_foc_ia_um,right,un,un,True,True
sub-091,03,269.0,51.0,sz_foc_ia_um,right,temp_par,un,True,True
sub-091,04,284.0,86.0,sz_foc_ia_um,right,temp_par,un,True,True
sub-091,05,294.0,24.0,sz_foc_ia_um,right,temp_par,un,True,True
sub-092,44,2065.0,66.0,sz_foc_ia_m_hyperkinetic,left,temp,un,True,True
sub-092,50,929.0,56.0,sz_foc_ia_m_hyperkinetic,left,temp,un,True,True
sub-092,53,3198.0,66.0,sz_foc_ia_m_hyperkinetic,left,temp,un,True,True
sub-092,68,3298.0,29.0,sz_foc_ia_m_hyperkinetic,left,temp,un,True,True
sub-092,74,2747.0,65.0,sz_foc_ia_m_hyperkinetic,left,temp,un,True,True
sub-092,79,1182.0,73.0,sz_foc_ia_m_hyperkinetic,left,temp,un,True,True
sub-093,63,3450.0,62.0,sz_foc_f2b,left,front_temp,un,True,True
sub-094,08,2042.0,386.0,sz_foc_ia_m_automatisms,left,front_temp,un,True,True
sub-094,13,2598.0,319.0,sz_foc_ia_m_automatisms,left,front_temp,un,True,True
sub-094,26,1211.0,269.0,sz_foc_ia_m_automatisms,left,front_temp,un,True,True
sub-095,60,580.0,46.0,sz_foc_ia,right,front_temp,un,True,True
sub-096,30,2395.0,45.0,sz_foc_f2b,left,temp,un,True,True
sub-097,02,34494.0,11.0,sz_foc_ua_m_hyperkinetic,un,front,asleep,False,True
sub-097,04,19132.0,12.0,sz_foc_ua_m_hyperkinetic,un,front,asleep,False,True
sub-097,04,29228.0,25.0,sz_foc_ia_m_hyperkinetic,left,front,awake,False,True
sub-097,04,67819.0,6.0,sz_foc_ua_m_hyperkinetic,left,front,asleep,False,True
sub-097,05,4952.0,12.0,sz_foc_ia_m_hyperkinetic,un,front,awake,False,True
sub-097,07,9923.0,6.0,sz_uo_m_myoclonic,un,un,asleep,False,True
sub-097,07,11418.0,11.0,sz_uo_m_hyperkinetic,un,un,asleep,False,True
sub-097,07,12623.0,10.0,sz_uo_m_hyperkinetic,un,un,asleep,False,True
sub-097,07,18903.0,15.0,sz_uo_m_tonicMyio,un,un,asleep,False,True
sub-097,07,22126.0,14.0,sz_foc_ua_m_hyperkinetic,un,front,asleep,False,True
sub-097,07,23885.0,9.0,sz_foc_ua_nm,un,front,asleep,False,True
sub-097,09,70698.0,15.0,sz_uo_m_hyperkinetic,un,un,asleep,False,True
sub-097,10,110.0,14.0,sz_foc_ua_m,bi,front,asleep,False,False
sub-098,03,70069.0,108.0,sz_foc_f2b,right,temp,asleep,True,True
sub-099,01,50766.0,137.0,sz_foc_ia_m_automatisms,right,occ,asleep,True,True
sub-099,01,71414.0,115.0,sz_foc_ia_m_automatisms,right,occ,asleep,True,True
sub-099,01,75637.0,115.0,sz_foc_ia_m_automatisms,right,occ,asleep,True,True
sub-099,02,4616.0,78.0,sz_foc_ia_m_automatisms,right,occ_par,awake,False,True
sub-100,03,2628.0,172.0,sz_foc_ia_m_automatisms,left,temp,awake,True,True
sub-100,09,4907.0,107.0,sz_foc_ia_m_automatisms,left,temp,awake,True,True
sub-101,01,3800.0,35.0,sz_foc_ia_nm,bi,temp,awake,True,True
sub-101,02,2964.0,20.0,sz_foc_ia_nm,un,temp,awake,True,True
sub-101,03,16919.0,35.0,sz_foc_ia_nm,un,temp,awake,True,True
sub-101,06,4135.0,21.0,sz_foc_ia,un,temp,awake,True,True
sub-101,06,13413.0,25.0,sz_foc_ia,left,temp,awake,True,True
sub-101,07,4149.0,22.0,sz_foc_ia,left,temp,awake,True,True
sub-101,08,15422.0,36.0,sz_foc_ia_nm,left,temp,awake,True,True
sub-102,01,24357.0,49.0,sz_foc_ia_m_automatisms,right,temp,awake,True,True
sub-102,01,75384.0,47.0,sz_foc_ia_nm,right,temp,awake,True,True
sub-102,03,4911.0,16.0,sz_foc_ia_nm,right,temp,awake,True,True
sub-103,01,28651.0,6.0,sz_foc_a_um,right,ins,un,True,True
sub-103,02,7771.0,15.0,sz_foc_a_m_hyperkinetic,right,ins,asleep,True,True
sub-103,02,34345.0,15.0,sz_foc_a_m_hyperkinetic,right,ins,asleep,True,True
sub-103,03,22768.0,13.0,sz_foc_a_m_hyperkinetic,right,ins,asleep,True,True
sub-103,04,570.0,14.0,sz_foc_a_m_hyperkinetic,right,ins,asleep,True,True
sub-103,04,2095.0,11.0,sz_foc_a_m_hyperkinetic,right,ins,asleep,True,True
sub-103,04,3818.0,16.0,sz_foc_a_m_hyperkinetic,right,ins,asleep,True,True
sub-103,04,8232.0,15.0,sz_foc_a_m_hyperkinetic,right,ins,asleep,True,True
sub-103,04,12423.0,10.0,sz_foc_a_m_hyperkinetic,right,ins,asleep,True,True
sub-103,04,16881.0,11.0,sz_foc_a_m_hyperkinetic,right,ins,asleep,True,True
sub-103,04,17820.0,9.0,sz_foc_a_m_hyperkinetic,right,ins,asleep,True,True
sub-103,04,53977.0,11.0,sz_foc_a_m_hyperkinetic,right,ins,asleep,True,True
sub-103,05,67.0,8.0,sz_foc_ia,un,un,awake,True,False
sub-103,06,41171.0,14.0,sz_foc_a_m_hyperkinetic,right,ins,asleep,True,True
sub-103,07,22661.0,72.0,sz_foc_f2b,right,ins,asleep,True,True
sub-104,05,20903.0,51.0,sz_foc_ia_m_automatisms,right,temp,awake,True,True
sub-104,07,1019.0,73.0,sz_foc_ia_m_automatisms,right,temp,awake,True,True
sub-105,07,52695.0,38.0,sz_foc_ia_m_hyperkinetic,right,front,asleep,True,True
sub-105,07,70345.0,41.0,sz_foc_ia_m_hyperkinetic,right,front,asleep,True,True
sub-106,01,6211.0,130.0,sz_foc_ia_nm,right,temp,awake,True,True
sub-106,01,17041.0,85.0,sz_foc_ia_m_automatisms,left,temp,awake,True,True
sub-107,01,6252.0,36.0,sz_foc_ia_m_automatisms,right,temp,awake,True,True
sub-107,06,56374.0,34.0,sz_foc_ia_m_hyperkinetic,right,temp,asleep,True,True
sub-108,01,9865.0,8.0,sz_foc_ua_nm,left,un,awake,True,True
sub-108,01,32709.0,8.0,sz_foc_ua_nm,left,un,awake,True,True
sub-109,03,48600.0,28.0,sz_foc_ia_nm,un,front,asleep,True,True
sub-109,03,49241.0,10.0,sz_foc_ia_nm,un,front,asleep,True,True
sub-109,03,49638.0,12.0,sz_foc_ia_nm,un,front,asleep,True,True
sub-109,03,49996.0,16.0,sz_foc_ia_nm,un,front,asleep,True,True
sub-109,03,50359.0,20.0,sz_foc_ia_m_hyperkinetic,un,front,asleep,True,True
sub-109,03,50891.0,16.0,sz_foc_ia_nm,un,front,asleep,True,True
sub-109,03,51328.0,26.0,sz_foc_ia_nm,un,front,asleep,True,True
sub-109,03,51812.0,31.0,sz_foc_ia_nm,un,front,asleep,True,True
sub-109,03,52430.0,30.0,sz_foc_ia_nm,un,front,asleep,True,True
sub-109,03,52895.0,39.0,sz_foc_ia_nm,un,front,asleep,True,True
sub-109,03,53617.0,21.0,sz_foc_ia_nm,un,front,asleep,True,True
sub-109,03,55094.0,27.0,sz_foc_ia_nm,un,front,asleep,True,True
sub-109,03,55535.0,30.0,sz_foc_ia_nm,un,front,asleep,True,True
sub-109,03,56160.0,32.0,sz_foc_ia_nm,un,front,asleep,True,True
sub-109,03,57014.0,38.0,sz_foc_ia_nm,un,front,asleep,True,True
sub-109,03,57933.0,38.0,sz_foc_ia_nm,un,front,asleep,True,True
sub-109,03,58470.0,27.0,sz_foc_ia_nm,un,front,asleep,True,True
sub-109,03,58999.0,34.0,sz_foc_ia_nm,un,front,asleep,True,True
sub-109,03,59595.0,33.0,sz_foc_ia_nm,un,front,asleep,True,True
sub-109,03,60269.0,22.0,sz_foc_ia_nm,un,front,asleep,True,True
sub-109,03,60907.0,22.0,sz_foc_ia_nm,un,front,asleep,True,True
sub-109,03,61571.0,22.0,sz_foc_ia_nm,un,front,asleep,True,True
sub-109,03,63345.0,19.0,sz_foc_ia_nm,un,front,asleep,True,True
sub-109,03,63955.0,20.0,sz_foc_ia_nm,un,front,asleep,True,True
sub-109,03,64501.0,21.0,sz_foc_ia_nm,un,front,asleep,True,True
sub-109,03,65042.0,38.0,sz_foc_ia_nm,un,front,asleep,True,True
sub-109,03,66462.0,20.0,sz_foc_ia_nm,un,front,asleep,True,True
sub-109,03,67027.0,22.0,sz_foc_ia_nm,un,front,asleep,True,True
sub-109,07,58779.0,16.0,sz_foc_ia_nm,un,un,asleep,True,True
sub-109,07,62797.0,112.0,sz_foc_f2b,un,un,asleep,True,True
sub-109,07,70065.0,25.0,sz_foc_ia_nm,un,un,asleep,True,True
sub-109,07,73293.0,16.0,sz_foc_ia_nm,un,un,asleep,True,True
sub-109,07,74007.0,16.0,sz_foc_ia_nm,un,un,asleep,True,True
sub-109,07,74856.0,16.0,sz_foc_ia_nm,un,un,asleep,True,True
sub-109,07,76692.0,21.0,sz_foc_ia_nm,un,un,asleep,True,True
sub-109,07,77722.0,22.0,sz_foc_ua_nm,left,front,asleep,True,True
sub-109,08,1281.0,22.0,sz_foc_ia_nm,left,front,asleep,True,True
sub-110,08,3502.0,89.0,sz_foc_f2b,left,temp,asleep,True,True
sub-110,08,18655.0,89.0,sz_foc_f2b,left,temp,asleep,True,True
sub-111,06,10087.0,134.0,sz_foc_a_nm,right,temp,asleep,True,True
sub-111,06,40030.0,114.0,sz_foc_a_nm,right,temp,awake,True,True
sub-112,03,28411.0,252.0,sz_foc_ia_m_hyperkinetic,left,temp,awake,True,True
sub-112,04,35335.0,169.0,sz_foc_ia_m_hyperkinetic,left,temp,awake,True,True
sub-112,04,41887.0,131.0,sz_foc_ia_m_hyperkinetic,left,temp,awake,True,True
sub-112,05,30475.0,18.0,sz_foc_ua_nm,left,temp,asleep,True,True
sub-112,06,2825.0,140.0,sz_foc_ia_m_hyperkinetic,left,temp,asleep,True,True
sub-112,06,8704.0,192.0,sz_foc_ia_m_hyperkinetic,left,temp,asleep,True,True
sub-112,06,17488.0,19.0,sz_foc_ia_m_hyperkinetic,left,temp,asleep,True,True
sub-113,02,45337.0,22.0,sz_foc_a_um,un,un,un,True,True
sub-113,02,68413.0,27.0,sz_foc_a_um,un,un,awake,True,True
sub-113,04,39095.0,35.0,sz_foc_a_um,un,un,awake,True,True
sub-113,04,56763.0,9.0,sz_foc_a_um,un,un,awake,True,True
sub-113,04,63217.0,15.0,sz_foc_a_um,un,un,awake,True,True
sub-113,04,63592.0,340.0,sz_foc_a_um,un,un,awake,True,True
sub-113,05,8506.0,38.0,sz_foc_a_um,un,un,awake,True,True
sub-113,06,45089.0,31.0,sz_foc_a_um,un,un,awake,True,True
sub-113,08,30989.0,14.0,sz_foc_a_um,left,cen_temp_par,awake,True,True
sub-113,08,69323.0,15.0,sz_foc_a_um,left,cen_temp_par,awake,True,True
sub-114,02,41408.0,78.0,sz_foc_a_um,left,temp,awake,True,True
sub-114,06,17213.0,98.0,sz_foc_a_um,left,temp,awake,True,True
sub-114,10,39881.0,4.0,sz_foc_a_um,left,temp,awake,True,True
sub-114,11,1855.0,34.0,sz_foc_a_um,left,temp,awake,True,True
sub-115,09,18746.0,167.0,sz_foc_f2b,un,un,asleep,True,True
sub-115,12,18485.0,86.0,sz_foc_f2b,un,un,awake,False,True
sub-115,49,20346.0,77.0,sz_foc_f2b,un,un,awake,True,True
sub-115,52,5071.0,101.0,sz_foc_ia_nm,un,un,asleep,True,True
sub-115,52,6020.0,88.0,sz_foc_f2b,un,un,asleep,True,True
sub-115,55,19248.0,116.0,sz_foc_f2b,un,un,asleep,True,True
sub-115,57,11186.0,98.0,sz_foc_f2b,un,un,asleep,True,True
sub-116,06,4895.0,68.0,sz_foc_ia_m_automatisms,left,temp,awake,True,True
sub-116,18,5150.0,108.0,sz_foc_f2b,left,front_temp,awake,True,True
sub-116,19,8805.0,114.0,sz_foc_f2b,left,front_temp,awake,True,True
sub-116,24,6534.0,109.0,sz_foc_f2b,left,front_temp,awake,True,True
sub-116,25,9959.0,53.0,sz_foc_a_nm,un,front_temp,awake,True,True
sub-116,26,9057.0,111.0,sz_foc_f2b,left,front_temp,asleep,True,True
sub-116,27,8110.0,115.0,sz_foc_f2b,left,front_temp,asleep,True,True
sub-117,06,16847.0,5.0,sz_foc_a_nm,un,cen,asleep,True,True
sub-117,06,20690.0,7.0,sz_foc_a_nm,un,cen,asleep,True,True
sub-117,07,3692.0,7.0,sz_foc_a_nm,un,cen,asleep,True,True
sub-117,07,4967.0,6.0,sz_foc_a_nm,un,cen,asleep,True,True
sub-117,07,5936.0,10.0,sz_foc_a_nm,un,cen,asleep,True,True
sub-117,07,7124.0,7.0,sz_foc_a_nm,un,cen,asleep,True,True
sub-117,07,8176.0,6.0,sz_foc_a_nm,un,cen,asleep,True,True
sub-117,10,18235.0,9.0,sz_foc_a_nm,un,cen,asleep,True,True
sub-117,10,19187.0,14.0,sz_foc_a_nm,un,cen,asleep,True,True
sub-117,10,20642.0,18.0,sz_foc_a_nm,un,cen,asleep,True,True
sub-117,11,1112.0,26.0,sz_foc_a_nm,un,cen,asleep,True,True
sub-118,03,14774.0,29.0,sz_foc_ia_m_automatisms,left,temp,awake,True,True
sub-118,10,562.0,52.0,sz_foc_ia_m_automatisms,left,temp,awake,True,True
sub-119,28,394.0,32.0,sz_foc_ia_nm,left,temp,awake,True,True
sub-119,28,3852.0,41.0,sz_foc_ia_nm,un,un,un,True,True
sub-119,28,4818.0,43.0,sz_foc_ia_nm,left,temp,awake,True,True
sub-119,28,6133.0,17.0,sz_foc_a_nm,left,temp,awake,True,True
sub-119,28,7359.0,31.0,sz_foc_ia_nm,left,temp,awake,True,True
sub-119,28,8637.0,27.0,sz_foc_ia_nm,un,un,awake,True,True
sub-119,28,10358.0,21.0,sz_foc_ia_nm,left,temp,awake,True,True
sub-119,28,14096.0,14.0,sz_foc_ia_nm,left,temp,awake,True,True
sub-119,28,16109.0,30.0,sz_foc_ia_nm,left,temp,awake,True,True
sub-119,28,19178.0,19.0,sz_foc_ia_nm,left,temp,awake,True,True
sub-119,30,4943.0,109.0,sz_foc_ia_nm,left,temp,awake,True,True
sub-119,30,7315.0,88.0,sz_foc_ia_nm,left,temp,awake,True,True
sub-119,31,8750.0,43.0,sz_foc_ia_nm,left,temp,awake,True,True
sub-119,33,640.0,84.0,sz_foc_ia_nm,left,temp,awake,True,True
sub-120,01,931.0,24.0,sz_foc_ia,left,temp,awake,True,True
sub-120,02,1080.0,8.0,sz_foc_ia,left,temp,awake,True,True
sub-120,02,1264.0,10.0,sz_foc_ia,left,temp,awake,True,False
sub-120,02,1435.0,11.0,sz_foc_ia,left,temp,awake,True,False
sub-120,02,1574.0,9.0,sz_foc_ia,left,temp,awake,True,False
sub-120,02,1803.0,4.0,sz_foc_ia,left,temp,awake,True,False
sub-120,03,130.0,17.0,sz_foc_ia,left,temp,awake,True,False
sub-120,03,322.0,12.0,sz_foc_ia,left,temp,awake,True,False
sub-120,03,439.0,14.0,sz_foc_ia,left,temp,awake,True,False
sub-120,03,642.0,9.0,sz_foc_ia,left,temp,awake,True,False
sub-121,62,1367.0,20.0,sz_foc_ia,left,front_temp,awake,True,True
sub-121,64,1056.0,168.0,sz_foc_f2b,un,un,un,True,True
sub-121,66,126.0,147.0,sz_foc_f2b,un,un,un,True,False
sub-121,80,909.0,94.0,sz_foc_f2b,un,un,un,True,True
sub-122,01,3412.0,141.0,sz_foc_ia_m_automatisms,right,temp,awake,True,True
sub-122,10,2984.0,104.0,sz_foc_ia_m_automatisms,right,temp,awake,True,True
sub-122,24,37.0,47.0,sz_foc_ia_m_automatisms,right,temp,awake,True,False
sub-122,30,862.0,82.0,sz_foc_ia_m_automatisms,right,temp,awake,True,True
sub-123,50,158.0,61.0,sz_foc_ia_m_automatisms,un,temp,awake,True,False
sub-123,81,988.0,72.0,sz_foc_ia_m_automatisms,left,temp,awake,True,True
sub-124,47,951.0,438.0,sz_foc_f2b,un,un,awake,True,True
sub-125,21,4964.0,570.0,sz_foc_f2b,left,temp,awake,True,True
sub-125,37,1254.0,283.0,sz_foc_f2b,left,temp,awake,True,True
