CH6,CH7,CH10,CH11
-1.387057387057387103e+01,5.997557997557997567e+01,-1.934065934065933945e+01,1.738705738705738568e+01
-1.308913308913308882e+01,5.684981684981684680e+01,-1.855921855921856078e+01,1.582417582417582480e+01
-1.269841269841269771e+01,5.020757020757020683e+01,-1.934065934065933945e+01,1.738705738705738568e+01
-1.426129426129426214e+01,4.708180708180708507e+01,-2.246642246642246477e+01,1.699633699633699635e+01
-1.465201465201465147e+01,4.356532356532356687e+01,-2.481074481074481142e+01,1.387057387057387103e+01
-1.191697191697191727e+01,4.004884004884004867e+01,-2.324786324786324698e+01,1.426129426129426214e+01
-1.113553113553113505e+01,3.184371184371184427e+01,-2.285714285714285765e+01,1.387057387057387103e+01
-1.113553113553113505e+01,1.855921855921856078e+01,-2.285714285714285765e+01,9.963369963369963500e+00
-1.269841269841269771e+01,1.074481074481074394e+01,-2.246642246642246477e+01,7.619047619047618625e+00
-1.699633699633699635e+01,6.056166056166055967e+00,-2.129426129426129322e+01,6.056166056166055967e+00
-2.520146520146520075e+01,-5.665445665445665746e+00,-2.129426129426129322e+01,1.953601953601953600e-01
-3.223443223443223360e+01,-1.816849816849816790e+01,-2.051282051282051455e+01,-5.665445665445665746e+00
-3.457875457875457670e+01,-2.090354090354090388e+01,-1.738705738705738568e+01,-6.446886446886447075e+00
-3.301587301587301937e+01,-2.754578754578754740e+01,-1.582417582417582480e+01,-4.102564102564102200e+00
-2.910866910866910828e+01,-3.536019536019536247e+01,-1.699633699633699635e+01,-4.884004884004884417e+00
-2.676434676434676518e+01,-4.317460317460317754e+01,-1.894993894993895012e+01,-3.321123321123321315e+00
-3.145299145299145138e+01,-4.864468864468864240e+01,-2.051282051282051455e+01,-2.539682539682539542e+00
-4.083028083028082733e+01,-5.216117216117216060e+01,-2.324786324786324698e+01,-4.102564102564102200e+00
-5.059829059829059617e+01,-5.372405372405372503e+01,-2.442002442002441853e+01,-3.321123321123321315e+00
-5.606837606837606813e+01,-5.528693528693528947e+01,-2.207570207570207543e+01,5.860805860805861078e-01
-5.802197802197802190e+01,-5.724053724053724324e+01,-2.285714285714285765e+01,9.768009768009767724e-01
-5.684981684981684680e+01,-5.606837606837606813e+01,-2.520146520146520075e+01,-1.367521367521367548e+00
-5.411477411477411437e+01,-5.606837606837606813e+01,-2.754578754578754740e+01,-4.102564102564102200e+00
-5.255189255189254993e+01,-6.388278388278388320e+01,-2.754578754578754740e+01,-6.837606837606837296e+00
-5.294261294261293926e+01,-6.974358974358973740e+01,-2.754578754578754740e+01,-8.400488400488400842e+00
-5.137973137973138194e+01,-6.505494505494505120e+01,-2.598290598290598297e+01,-6.837606837606837296e+00
-5.098901098901098550e+01,-5.645909645909645747e+01,-2.481074481074481142e+01,-5.665445665445665746e+00
-5.177045177045177127e+01,-5.411477411477411437e+01,-2.871794871794871895e+01,-6.837606837606837296e+00
-4.981684981684981750e+01,-5.137973137973138194e+01,-3.106227106227106205e+01,-8.400488400488400842e+00
-4.747252747252747440e+01,-4.864468864468864240e+01,-2.949938949938949762e+01,-9.181929181929181283e+00
-4.278388278388278110e+01,-5.059829059829059617e+01,-2.871794871794871895e+01,-1.035409035409035461e+01
-3.692307692307691980e+01,-5.372405372405372503e+01,-2.676434676434676518e+01,-1.738705738705738568e+01
-3.145299145299145138e+01,-5.489621489621489303e+01,-2.520146520146520075e+01,-2.442002442002441853e+01
-2.754578754578754740e+01,-5.059829059829059617e+01,-2.559218559218559363e+01,-2.832722832722832607e+01
-2.559218559218559363e+01,-4.278388278388278110e+01,-2.793650793650793673e+01,-3.418803418803418737e+01
-2.324786324786324698e+01,-3.301587301587301937e+01,-2.715506715506715452e+01,-3.457875457875457670e+01
-1.777777777777777857e+01,-2.832722832722832607e+01,-2.715506715506715452e+01,-2.989010989010989050e+01
-1.465201465201465147e+01,-2.559218559218559363e+01,-2.676434676434676518e+01,-3.028083028083027983e+01
-1.387057387057387103e+01,-2.051282051282051455e+01,-2.559218559218559363e+01,-3.106227106227106205e+01
-1.269841269841269771e+01,-1.152625152625152616e+01,-2.363858363858363987e+01,-2.793650793650793673e+01
-1.269841269841269771e+01,-8.400488400488400842e+00,-2.246642246642246477e+01,-2.442002442002441853e+01
-1.465201465201465147e+01,-6.446886446886447075e+00,-2.012210012210012167e+01,-1.777777777777777857e+01
-1.074481074481074394e+01,6.837606837606837296e+00,-1.426129426129426214e+01,-6.056166056166055967e+00
-6.446886446886447075e+00,8.791208791208791951e+00,-9.572649572649572391e+00,3.321123321123321315e+00
-4.884004884004884417e+00,6.837606837606837296e+00,-6.837606837606837296e+00,3.321123321123321315e+00
-9.768009768009767724e-01,8.400488400488400842e+00,-5.274725274725274637e+00,4.884004884004884417e+00
6.837606837606837296e+00,1.426129426129426214e+01,-4.884004884004884417e+00,2.930402930402930206e+00
1.269841269841269771e+01,1.894993894993895012e+01,-8.009768009768009733e+00,-1.367521367521367548e+00
1.777777777777777857e+01,1.816849816849816790e+01,-9.181929181929181283e+00,-2.930402930402930206e+00
2.598290598290598297e+01,1.426129426129426214e+01,-5.665445665445665746e+00,-4.102564102564102200e+00
2.832722832722832607e+01,9.572649572649572391e+00,-2.539682539682539542e+00,-5.665445665445665746e+00
2.871794871794871895e+01,1.230769230769230838e+01,1.367521367521367548e+00,-4.102564102564102200e+00
3.145299145299145138e+01,1.777777777777777857e+01,5.274725274725274637e+00,-9.768009768009767724e-01
3.457875457875457670e+01,2.207570207570207543e+01,8.009768009768009733e+00,4.493284493284493308e+00
3.496947496947496603e+01,2.715506715506715452e+01,6.446886446886447075e+00,1.152625152625152616e+01
3.692307692307691980e+01,3.145299145299145138e+01,8.400488400488400842e+00,1.777777777777777857e+01
4.122100122100122377e+01,3.731379731379731624e+01,1.347985347985347993e+01,2.676434676434676518e+01
4.278388278388278110e+01,3.536019536019536247e+01,1.699633699633699635e+01,3.340659340659340870e+01
4.395604395604395620e+01,3.184371184371184427e+01,2.168498168498168610e+01,3.379731379731379803e+01
4.512820512820513130e+01,3.496947496947496603e+01,2.442002442002441853e+01,3.262515262515262293e+01
4.512820512820513130e+01,3.809523809523809490e+01,2.676434676434676518e+01,2.832722832722832607e+01
4.278388278388278110e+01,3.379731379731379803e+01,2.442002442002441853e+01,1.699633699633699635e+01
4.512820512820513130e+01,3.106227106227106205e+01,2.481074481074481142e+01,1.113553113553113505e+01
5.137973137973138194e+01,3.028083028083027983e+01,2.793650793650793673e+01,1.113553113553113505e+01
5.450549450549450370e+01,3.223443223443223360e+01,2.949938949938949762e+01,8.400488400488400842e+00
5.763125763125763257e+01,3.496947496947496603e+01,3.145299145299145138e+01,6.446886446886447075e+00
6.153846153846154010e+01,3.184371184371184427e+01,3.340659340659340870e+01,6.837606837606837296e+00
5.880341880341880056e+01,3.262515262515262293e+01,3.145299145299145138e+01,1.367521367521367548e+00
5.137973137973138194e+01,3.770451770451770557e+01,2.715506715506715452e+01,-6.446886446886447075e+00
4.630036630036629930e+01,3.731379731379731624e+01,2.481074481074481142e+01,-8.400488400488400842e+00
4.395604395604395620e+01,3.301587301587301937e+01,2.637362637362637230e+01,-1.035409035409035461e+01
4.395604395604395620e+01,2.910866910866910828e+01,2.754578754578754740e+01,-1.152625152625152616e+01
4.864468864468864240e+01,2.793650793650793673e+01,2.989010989010989050e+01,-9.572649572649572391e+00
5.567765567765567880e+01,2.949938949938949762e+01,3.145299145299145138e+01,-2.930402930402930206e+00
5.841269841269841123e+01,2.637362637362637230e+01,2.832722832722832607e+01,9.768009768009767724e-01
5.880341880341880056e+01,2.090354090354090388e+01,2.363858363858363987e+01,3.321123321123321315e+00
6.153846153846154010e+01,1.699633699633699635e+01,2.324786324786324698e+01,7.619047619047618625e+00
6.622710622710623340e+01,1.543345543345543369e+01,2.637362637362637230e+01,9.572649572649572391e+00
7.013431013431014094e+01,7.228327228327228404e+00,2.871794871794871895e+01,4.884004884004884417e+00
7.443223443223443780e+01,6.446886446886447075e+00,3.223443223443223360e+01,6.056166056166055967e+00
8.263736263736264220e+01,1.347985347985347993e+01,3.536019536019536247e+01,1.074481074481074394e+01
8.888888888888888573e+01,1.934065934065933945e+01,3.614163614163614113e+01,1.308913308913308882e+01
9.553113553113553280e+01,2.598290598290598297e+01,3.614163614163614113e+01,1.504273504273504258e+01
1.049084249084249052e+02,2.793650793650793673e+01,3.770451770451770557e+01,1.738705738705738568e+01
1.115506715506715523e+02,2.481074481074481142e+01,4.004884004884004867e+01,1.543345543345543369e+01
1.142857142857142918e+02,2.402930402930402920e+01,4.200244200244200243e+01,1.230769230769230838e+01
1.158485958485958491e+02,2.442002442002441853e+01,4.434676434676434553e+01,1.504273504273504258e+01
1.154578754578754598e+02,1.738705738705738568e+01,4.590964590964590997e+01,1.894993894993895012e+01
1.127228327228327203e+02,1.113553113553113505e+01,4.317460317460317754e+01,2.402930402930402920e+01
1.092063492063492021e+02,1.308913308913308882e+01,3.965811965811965933e+01,2.989010989010989050e+01
1.056898656898656839e+02,1.543345543345543369e+01,3.926739926739927000e+01,3.614163614163614113e+01
9.982905982905982967e+01,1.152625152625152616e+01,3.692307692307691980e+01,3.692307692307691980e+01
9.474969474969475414e+01,6.056166056166055967e+00,3.653235653235653047e+01,3.575091575091575180e+01
9.435897435897436480e+01,4.493284493284493308e+00,3.848595848595848423e+01,3.809523809523809490e+01
9.357753357753357193e+01,4.493284493284493308e+00,3.965811965811965933e+01,3.887667887667887356e+01
8.927960927960927506e+01,4.102564102564102200e+00,3.848595848595848423e+01,3.926739926739927000e+01
8.576312576312575686e+01,6.056166056166055967e+00,3.770451770451770557e+01,4.161172161172161310e+01
7.873015873015873467e+01,9.572649572649572391e+00,3.731379731379731624e+01,4.004884004884004867e+01
6.818070818070818007e+01,1.113553113553113505e+01,3.340659340659340870e+01,3.301587301587301937e+01
6.349206349206349387e+01,1.074481074481074394e+01,3.106227106227106205e+01,2.989010989010989050e+01
6.153846153846154010e+01,8.791208791208791951e+00,3.223443223443223360e+01,2.832722832722832607e+01
5.724053724053724324e+01,8.009768009768009733e+00,3.301587301587301937e+01,2.637362637362637230e+01
5.489621489621489303e+01,1.387057387057387103e+01,3.457875457875457670e+01,2.520146520146520075e+01
5.763125763125763257e+01,2.168498168498168610e+01,3.887667887667887356e+01,2.754578754578754740e+01
6.271062271062270810e+01,2.363858363858363987e+01,4.395604395604395620e+01,2.832722832722832607e+01
6.935286935286934806e+01,2.481074481074481142e+01,4.708180708180708507e+01,2.793650793650793673e+01
7.951159951159951333e+01,3.692307692307691980e+01,4.786324786324786373e+01,3.184371184371184427e+01
8.459096459096458887e+01,3.887667887667887356e+01,4.786324786324786373e+01,3.301587301587301937e+01
8.302808302808303154e+01,3.301587301587301937e+01,4.161172161172161310e+01,2.637362637362637230e+01
8.068376068376068133e+01,2.832722832722832607e+01,3.575091575091575180e+01,2.285714285714285765e+01
8.263736263736264220e+01,2.520146520146520075e+01,3.614163614163614113e+01,2.168498168498168610e+01
8.146520146520146000e+01,2.520146520146520075e+01,3.614163614163614113e+01,1.934065934065933945e+01
8.420024420024419953e+01,2.324786324786324698e+01,3.770451770451770557e+01,1.816849816849816790e+01
8.849816849816849640e+01,2.051282051282051455e+01,4.551892551892552063e+01,1.738705738705738568e+01
9.045177045177045727e+01,1.816849816849816790e+01,4.864468864468864240e+01,1.191697191697191727e+01
9.084249084249084660e+01,1.660561660561660702e+01,4.903540903540903884e+01,2.148962148962148877e+00
9.240537240537240393e+01,1.738705738705738568e+01,5.059829059829059617e+01,-3.321123321123321315e+00
9.123321123321123594e+01,1.816849816849816790e+01,5.137973137973138194e+01,-7.228327228327228404e+00
8.967032967032966440e+01,1.894993894993895012e+01,4.981684981684981750e+01,-8.791208791208791951e+00
9.240537240537240393e+01,2.402930402930402920e+01,5.098901098901098550e+01,-4.493284493284493308e+00
9.709401709401709013e+01,3.184371184371184427e+01,5.411477411477411437e+01,1.953601953601953600e-01
9.943833943833944033e+01,2.871794871794871895e+01,5.411477411477411437e+01,1.758241758241758212e+00
1.010012210012209977e+02,2.207570207570207543e+01,5.645909645909645747e+01,1.953601953601953600e-01
1.021733821733821799e+02,2.402930402930402920e+01,6.349206349206349387e+01,-1.758241758241758212e+00
9.865689865689866167e+01,2.481074481074481142e+01,6.857142857142856940e+01,-3.711843711843711979e+00
9.553113553113553280e+01,2.012210012210012167e+01,6.700854700854701207e+01,-9.181929181929181283e+00
9.592185592185592213e+01,1.738705738705738568e+01,6.388278388278388320e+01,-8.791208791208791951e+00
9.318681318681318260e+01,1.543345543345543369e+01,5.880341880341880056e+01,-9.963369963369963500e+00
8.849816849816849640e+01,1.426129426129426214e+01,5.177045177045177127e+01,-1.347985347985347993e+01
8.732600732600732840e+01,1.230769230769230838e+01,4.825396825396825307e+01,-1.387057387057387103e+01
8.341880341880342087e+01,8.009768009768009733e+00,4.903540903540903884e+01,-1.465201465201465147e+01
7.755799755799755246e+01,2.930402930402930206e+00,4.786324786324786373e+01,-1.543345543345543369e+01
7.365079365079364493e+01,4.884004884004884417e+00,4.864468864468864240e+01,-1.543345543345543369e+01
6.896214896214895873e+01,4.884004884004884417e+00,5.216117216117216060e+01,-1.582417582417582480e+01
6.700854700854701207e+01,4.493284493284493308e+00,5.255189255189254993e+01,-1.699633699633699635e+01
6.544566544566544053e+01,3.711843711843711979e+00,4.942612942612942817e+01,-1.894993894993895012e+01
6.505494505494505120e+01,8.791208791208791951e+00,4.512820512820513130e+01,-2.129426129426129322e+01
6.192918192918192943e+01,1.074481074481074394e+01,4.161172161172161310e+01,-2.363858363858363987e+01
5.333333333333333570e+01,8.400488400488400842e+00,3.770451770451770557e+01,-2.402930402930402920e+01
4.395604395604395620e+01,4.102564102564102200e+00,3.770451770451770557e+01,-2.637362637362637230e+01
3.731379731379731624e+01,4.493284493284493308e+00,4.278388278388278110e+01,-2.598290598290598297e+01
3.145299145299145138e+01,4.493284493284493308e+00,4.630036630036629930e+01,-2.637362637362637230e+01
2.598290598290598297e+01,-5.860805860805861078e-01,4.473748473748473486e+01,-2.910866910866910828e+01
2.363858363858363987e+01,-5.860805860805861078e-01,4.278388278388278110e+01,-2.949938949938949762e+01
2.285714285714285765e+01,1.367521367521367548e+00,3.887667887667887356e+01,-2.871794871794871895e+01
1.738705738705738568e+01,1.758241758241758212e+00,2.989010989010989050e+01,-3.184371184371184427e+01
1.426129426129426214e+01,-1.758241758241758212e+00,2.442002442002441853e+01,-3.536019536019536247e+01
1.347985347985347993e+01,-9.181929181929181283e+00,2.715506715506715452e+01,-3.965811965811965933e+01
8.400488400488400842e+00,-1.973137973137973233e+01,2.754578754578754740e+01,-4.630036630036629930e+01
1.758241758241758212e+00,-2.207570207570207543e+01,2.598290598290598297e+01,-5.216117216117216060e+01
-1.367521367521367548e+00,-2.168498168498168610e+01,2.481074481074481142e+01,-5.372405372405372503e+01
-8.791208791208791951e+00,-2.715506715506715452e+01,2.051282051282051455e+01,-5.372405372405372503e+01
-1.504273504273504258e+01,-3.223443223443223360e+01,1.426129426129426214e+01,-5.216117216117216060e+01
-1.816849816849816790e+01,-2.832722832722832607e+01,1.308913308913308882e+01,-4.903540903540903884e+01
-2.129426129426129322e+01,-2.442002442002441853e+01,1.660561660561660702e+01,-4.630036630036629930e+01
-2.363858363858363987e+01,-2.363858363858363987e+01,1.621489621489621413e+01,-4.551892551892552063e+01
-2.598290598290598297e+01,-2.442002442002441853e+01,1.699633699633699635e+01,-4.669108669108668863e+01
-2.910866910866910828e+01,-2.676434676434676518e+01,1.816849816849816790e+01,-4.317460317460317754e+01
-3.340659340659340870e+01,-2.949938949938949762e+01,1.465201465201465147e+01,-3.887667887667887356e+01
-3.653235653235653047e+01,-3.301587301587301937e+01,1.230769230769230838e+01,-3.809523809523809490e+01
-3.575091575091575180e+01,-3.926739926739927000e+01,1.191697191697191727e+01,-3.731379731379731624e+01
-2.989010989010989050e+01,-3.809523809523809490e+01,1.074481074481074394e+01,-3.731379731379731624e+01
-2.207570207570207543e+01,-3.692307692307691980e+01,1.113553113553113505e+01,-4.043956043956043800e+01
-1.387057387057387103e+01,-3.965811965811965933e+01,1.347985347985347993e+01,-4.161172161172161310e+01
-8.791208791208791951e+00,-4.200244200244200243e+01,1.504273504273504258e+01,-3.887667887667887356e+01
-5.665445665445665746e+00,-4.278388278388278110e+01,1.738705738705738568e+01,-3.809523809523809490e+01
-3.321123321123321315e+00,-3.653235653235653047e+01,1.934065934065933945e+01,-3.770451770451770557e+01
1.953601953601953600e-01,-2.871794871794871895e+01,1.894993894993895012e+01,-3.340659340659340870e+01
7.228327228327228404e+00,-2.910866910866910828e+01,1.699633699633699635e+01,-3.067155067155067272e+01
1.387057387057387103e+01,-3.301587301587301937e+01,1.621489621489621413e+01,-2.754578754578754740e+01
2.051282051282051455e+01,-3.067155067155067272e+01,1.855921855921856078e+01,-2.402930402930402920e+01
2.481074481074481142e+01,-3.457875457875457670e+01,1.855921855921856078e+01,-2.090354090354090388e+01
2.559218559218559363e+01,-3.692307692307691980e+01,1.894993894993895012e+01,-2.012210012210012167e+01
2.324786324786324698e+01,-3.653235653235653047e+01,1.894993894993895012e+01,-2.129426129426129322e+01
2.520146520146520075e+01,-3.145299145299145138e+01,1.816849816849816790e+01,-1.738705738705738568e+01
2.637362637362637230e+01,-2.598290598290598297e+01,1.855921855921856078e+01,-1.699633699633699635e+01
2.754578754578754740e+01,-2.129426129426129322e+01,1.621489621489621413e+01,-2.090354090354090388e+01
3.145299145299145138e+01,-2.012210012210012167e+01,1.543345543345543369e+01,-2.207570207570207543e+01
3.067155067155067272e+01,-1.816849816849816790e+01,1.387057387057387103e+01,-2.207570207570207543e+01
2.676434676434676518e+01,-1.191697191697191727e+01,1.308913308913308882e+01,-2.363858363858363987e+01
2.324786324786324698e+01,-8.791208791208791951e+00,1.621489621489621413e+01,-1.816849816849816790e+01
2.129426129426129322e+01,-1.074481074481074394e+01,1.738705738705738568e+01,-8.791208791208791951e+00
1.738705738705738568e+01,-9.963369963369963500e+00,1.699633699633699635e+01,-5.665445665445665746e+00
1.465201465201465147e+01,-4.493284493284493308e+00,1.543345543345543369e+01,-3.321123321123321315e+00
1.269841269841269771e+01,-1.758241758241758212e+00,1.543345543345543369e+01,-3.711843711843711979e+00
7.619047619047618625e+00,-5.274725274725274637e+00,1.191697191697191727e+01,-5.665445665445665746e+00
3.711843711843711979e+00,-1.113553113553113505e+01,8.009768009768009733e+00,-7.619047619047618625e+00
1.953601953601953600e-01,-9.963369963369963500e+00,4.884004884004884417e+00,-5.665445665445665746e+00
-4.493284493284493308e+00,-5.665445665445665746e+00,5.860805860805861078e-01,-1.367521367521367548e+00
-9.572649572649572391e+00,-2.148962148962148877e+00,-9.768009768009767724e-01,-1.953601953601953600e-01
-1.113553113553113505e+01,1.953601953601953600e-01,-1.758241758241758212e+00,4.102564102564102200e+00
-8.400488400488400842e+00,3.711843711843711979e+00,-2.539682539682539542e+00,1.074481074481074394e+01
-5.274725274725274637e+00,7.619047619047618625e+00,-4.884004884004884417e+00,1.465201465201465147e+01
-9.768009768009767724e-01,7.228327228327228404e+00,-7.619047619047618625e+00,1.621489621489621413e+01
5.860805860805861078e-01,6.056166056166055967e+00,-1.269841269841269771e+01,1.894993894993895012e+01
-1.367521367521367548e+00,7.619047619047618625e+00,-1.504273504273504258e+01,2.051282051282051455e+01
-1.367521367521367548e+00,1.347985347985347993e+01,-1.347985347985347993e+01,1.934065934065933945e+01
2.539682539682539542e+00,1.465201465201465147e+01,-1.035409035409035461e+01,2.051282051282051455e+01
1.035409035409035461e+01,9.963369963369963500e+00,-6.446886446886447075e+00,2.090354090354090388e+01
1.699633699633699635e+01,5.274725274725274637e+00,-5.274725274725274637e+00,1.621489621489621413e+01
2.012210012210012167e+01,1.953601953601953600e-01,-7.619047619047618625e+00,1.426129426129426214e+01
1.934065934065933945e+01,5.860805860805861078e-01,-9.572649572649572391e+00,1.465201465201465147e+01
1.426129426129426214e+01,-1.953601953601953600e-01,-1.308913308913308882e+01,1.387057387057387103e+01
1.308913308913308882e+01,-2.930402930402930206e+00,-1.582417582417582480e+01,1.269841269841269771e+01
1.504273504273504258e+01,-2.539682539682539542e+00,-1.465201465201465147e+01,1.543345543345543369e+01
1.582417582417582480e+01,-4.884004884004884417e+00,-1.152625152625152616e+01,1.660561660561660702e+01
1.426129426129426214e+01,-1.582417582417582480e+01,-1.113553113553113505e+01,1.347985347985347993e+01
1.152625152625152616e+01,-2.520146520146520075e+01,-8.791208791208791951e+00,9.963369963369963500e+00
9.181929181929181283e+00,-2.715506715506715452e+01,-5.274725274725274637e+00,8.009768009768009733e+00
8.791208791208791951e+00,-2.598290598290598297e+01,-5.665445665445665746e+00,6.837606837606837296e+00
1.269841269841269771e+01,-2.481074481074481142e+01,-4.884004884004884417e+00,6.837606837606837296e+00
1.621489621489621413e+01,-2.520146520146520075e+01,1.953601953601953600e-01,9.572649572649572391e+00
1.621489621489621413e+01,-2.442002442002441853e+01,2.930402930402930206e+00,9.572649572649572391e+00
1.269841269841269771e+01,-2.168498168498168610e+01,5.860805860805861078e-01,4.493284493284493308e+00
7.619047619047618625e+00,-1.894993894993895012e+01,-3.321123321123321315e+00,1.758241758241758212e+00
1.758241758241758212e+00,-2.012210012210012167e+01,-8.400488400488400842e+00,4.102564102564102200e+00
-2.539682539682539542e+00,-2.207570207570207543e+01,-1.387057387057387103e+01,5.665445665445665746e+00
-2.930402930402930206e+00,-1.777777777777777857e+01,-1.387057387057387103e+01,6.056166056166055967e+00
-9.768009768009767724e-01,-1.152625152625152616e+01,-7.619047619047618625e+00,6.056166056166055967e+00
-5.860805860805861078e-01,-1.347985347985347993e+01,-6.056166056166055967e+00,5.860805860805861078e-01
1.367521367521367548e+00,-1.504273504273504258e+01,-4.884004884004884417e+00,-3.321123321123321315e+00
3.321123321123321315e+00,-1.269841269841269771e+01,-2.930402930402930206e+00,-5.860805860805861078e-01
6.056166056166055967e+00,-1.035409035409035461e+01,-9.768009768009767724e-01,5.860805860805861078e-01
7.228327228327228404e+00,-1.230769230769230838e+01,9.768009768009767724e-01,-9.768009768009767724e-01
8.009768009768009733e+00,-1.699633699633699635e+01,2.539682539682539542e+00,-3.321123321123321315e+00
8.791208791208791951e+00,-2.246642246642246477e+01,1.758241758241758212e+00,-4.493284493284493308e+00
6.056166056166055967e+00,-2.559218559218559363e+01,-9.768009768009767724e-01,-5.665445665445665746e+00
4.102564102564102200e+00,-2.676434676434676518e+01,-1.367521367521367548e+00,-3.321123321123321315e+00
5.274725274725274637e+00,-2.559218559218559363e+01,-1.953601953601953600e-01,1.758241758241758212e+00
4.102564102564102200e+00,-2.481074481074481142e+01,1.953601953601953600e-01,2.539682539682539542e+00
2.930402930402930206e+00,-1.894993894993895012e+01,-1.367521367521367548e+00,1.953601953601953600e-01
2.148962148962148877e+00,-1.269841269841269771e+01,-4.102564102564102200e+00,-9.768009768009767724e-01
-1.367521367521367548e+00,-1.777777777777777857e+01,-8.791208791208791951e+00,-5.860805860805861078e-01
-7.619047619047618625e+00,-2.285714285714285765e+01,-1.191697191697191727e+01,-1.367521367521367548e+00
-9.181929181929181283e+00,-1.191697191697191727e+01,-9.963369963369963500e+00,6.056166056166055967e+00
-7.228327228327228404e+00,-1.230769230769230838e+01,-6.056166056166055967e+00,1.699633699633699635e+01
-6.056166056166055967e+00,-1.269841269841269771e+01,-6.446886446886447075e+00,2.090354090354090388e+01
-1.758241758241758212e+00,-1.191697191697191727e+01,-8.400488400488400842e+00,2.520146520146520075e+01
2.539682539682539542e+00,-1.113553113553113505e+01,-8.791208791208791951e+00,2.989010989010989050e+01
3.321123321123321315e+00,-9.963369963369963500e+00,-8.400488400488400842e+00,2.715506715506715452e+01
3.321123321123321315e+00,-9.963369963369963500e+00,-6.446886446886447075e+00,2.324786324786324698e+01
4.884004884004884417e+00,-9.963369963369963500e+00,-9.768009768009767724e-01,2.285714285714285765e+01
4.102564102564102200e+00,-9.181929181929181283e+00,2.148962148962148877e+00,2.051282051282051455e+01
1.367521367521367548e+00,-4.493284493284493308e+00,2.930402930402930206e+00,1.621489621489621413e+01
1.953601953601953600e-01,9.768009768009767724e-01,2.148962148962148877e+00,1.621489621489621413e+01
2.930402930402930206e+00,1.953601953601953600e-01,3.321123321123321315e+00,2.012210012210012167e+01
5.274725274725274637e+00,-3.321123321123321315e+00,4.102564102564102200e+00,2.363858363858363987e+01
9.181929181929181283e+00,-3.321123321123321315e+00,6.446886446886447075e+00,2.832722832722832607e+01
1.152625152625152616e+01,-4.884004884004884417e+00,8.791208791208791951e+00,3.106227106227106205e+01
6.837606837606837296e+00,-8.400488400488400842e+00,7.228327228327228404e+00,2.793650793650793673e+01
-5.860805860805861078e-01,-8.791208791208791951e+00,2.930402930402930206e+00,2.090354090354090388e+01
-3.711843711843711979e+00,-1.758241758241758212e+00,1.367521367521367548e+00,1.738705738705738568e+01
-6.056166056166055967e+00,4.493284493284493308e+00,5.860805860805861078e-01,1.621489621489621413e+01
-1.035409035409035461e+01,6.837606837606837296e+00,-1.953601953601953600e-01,1.113553113553113505e+01
-1.035409035409035461e+01,3.711843711843711979e+00,9.768009768009767724e-01,9.181929181929181283e+00
-1.035409035409035461e+01,3.711843711843711979e+00,5.860805860805861078e-01,1.269841269841269771e+01
-1.347985347985347993e+01,7.228327228327228404e+00,1.953601953601953600e-01,1.582417582417582480e+01
-1.465201465201465147e+01,5.665445665445665746e+00,-1.758241758241758212e+00,1.894993894993895012e+01
-1.269841269841269771e+01,2.539682539682539542e+00,-2.930402930402930206e+00,2.481074481074481142e+01
-1.387057387057387103e+01,3.321123321123321315e+00,-4.102564102564102200e+00,2.598290598290598297e+01
-1.699633699633699635e+01,7.228327228327228404e+00,-5.274725274725274637e+00,2.051282051282051455e+01
-1.699633699633699635e+01,1.230769230769230838e+01,-3.321123321123321315e+00,1.855921855921856078e+01
-1.816849816849816790e+01,1.465201465201465147e+01,-1.953601953601953600e-01,1.699633699633699635e+01
-2.051282051282051455e+01,1.035409035409035461e+01,-1.953601953601953600e-01,1.269841269841269771e+01
-1.934065934065933945e+01,9.181929181929181283e+00,1.953601953601953600e-01,9.572649572649572391e+00
-1.504273504273504258e+01,5.665445665445665746e+00,3.321123321123321315e+00,9.572649572649572391e+00
-1.074481074481074394e+01,-6.056166056166055967e+00,4.884004884004884417e+00,8.400488400488400842e+00
-8.400488400488400842e+00,-1.387057387057387103e+01,4.493284493284493308e+00,4.493284493284493308e+00
-5.274725274725274637e+00,-1.699633699633699635e+01,7.228327228327228404e+00,5.665445665445665746e+00
-4.884004884004884417e+00,-2.168498168498168610e+01,5.665445665445665746e+00,4.493284493284493308e+00
-8.400488400488400842e+00,-2.598290598290598297e+01,1.953601953601953600e-01,1.953601953601953600e-01
-8.791208791208791951e+00,-2.989010989010989050e+01,-1.953601953601953600e-01,-9.768009768009767724e-01
-8.400488400488400842e+00,-2.832722832722832607e+01,5.860805860805861078e-01,1.953601953601953600e-01
-8.400488400488400842e+00,-2.793650793650793673e+01,-2.148962148962148877e+00,1.953601953601953600e-01
-1.074481074481074394e+01,-2.715506715506715452e+01,-4.493284493284493308e+00,1.953601953601953600e-01
-9.963369963369963500e+00,-3.340659340659340870e+01,-6.446886446886447075e+00,-5.860805860805861078e-01
-1.152625152625152616e+01,-3.692307692307691980e+01,-1.308913308913308882e+01,-2.539682539682539542e+00
-1.387057387057387103e+01,-3.575091575091575180e+01,-1.894993894993895012e+01,-6.837606837606837296e+00
-1.191697191697191727e+01,-3.106227106227106205e+01,-1.973137973137973233e+01,-5.665445665445665746e+00
-8.009768009768009733e+00,-2.832722832722832607e+01,-1.738705738705738568e+01,-1.953601953601953600e-01
-2.539682539682539542e+00,-2.910866910866910828e+01,-1.269841269841269771e+01,3.711843711843711979e+00
6.837606837606837296e+00,-2.481074481074481142e+01,-2.148962148962148877e+00,9.572649572649572391e+00
1.816849816849816790e+01,-2.090354090354090388e+01,9.572649572649572391e+00,1.504273504273504258e+01
2.442002442002441853e+01,-2.481074481074481142e+01,1.347985347985347993e+01,1.816849816849816790e+01
3.028083028083027983e+01,-2.715506715506715452e+01,1.465201465201465147e+01,1.973137973137973233e+01
3.496947496947496603e+01,-2.090354090354090388e+01,2.012210012210012167e+01,2.363858363858363987e+01
3.926739926739927000e+01,-1.504273504273504258e+01,2.168498168498168610e+01,2.598290598290598297e+01
4.630036630036629930e+01,-1.504273504273504258e+01,2.637362637362637230e+01,2.442002442002441853e+01
5.294261294261293926e+01,-1.660561660561660702e+01,3.301587301587301937e+01,2.168498168498168610e+01
5.763125763125763257e+01,-1.816849816849816790e+01,3.457875457875457670e+01,2.402930402930402920e+01
5.645909645909645747e+01,-2.012210012210012167e+01,3.575091575091575180e+01,2.363858363858363987e+01
5.216117216117216060e+01,-2.051282051282051455e+01,4.004884004884004867e+01,2.442002442002441853e+01
5.020757020757020683e+01,-2.012210012210012167e+01,4.708180708180708507e+01,2.676434676434676518e+01
4.747252747252747440e+01,-2.207570207570207543e+01,5.137973137973138194e+01,2.402930402930402920e+01
4.708180708180708507e+01,-1.816849816849816790e+01,5.294261294261293926e+01,1.816849816849816790e+01
4.786324786324786373e+01,-1.152625152625152616e+01,5.137973137973138194e+01,1.504273504273504258e+01
4.669108669108668863e+01,-1.465201465201465147e+01,4.551892551892552063e+01,1.504273504273504258e+01
4.239316239316239177e+01,-1.699633699633699635e+01,4.043956043956043800e+01,1.465201465201465147e+01
3.692307692307691980e+01,-8.791208791208791951e+00,3.965811965811965933e+01,1.973137973137973233e+01
3.145299145299145138e+01,-1.152625152625152616e+01,4.161172161172161310e+01,2.754578754578754740e+01
2.363858363858363987e+01,-1.230769230769230838e+01,4.083028083028082733e+01,3.067155067155067272e+01
1.777777777777777857e+01,-1.621489621489621413e+01,4.200244200244200243e+01,3.418803418803418737e+01
1.660561660561660702e+01,-1.387057387057387103e+01,4.317460317460317754e+01,4.004884004884004867e+01
1.777777777777777857e+01,-9.963369963369963500e+00,4.122100122100122377e+01,4.043956043956043800e+01
2.012210012210012167e+01,-7.228327228327228404e+00,4.161172161172161310e+01,3.653235653235653047e+01
2.520146520146520075e+01,-5.665445665445665746e+00,4.083028083028082733e+01,3.340659340659340870e+01
2.754578754578754740e+01,-2.930402930402930206e+00,3.653235653235653047e+01,2.715506715506715452e+01
2.676434676434676518e+01,-1.367521367521367548e+00,2.871794871794871895e+01,1.777777777777777857e+01
2.637362637362637230e+01,-1.758241758241758212e+00,2.285714285714285765e+01,1.347985347985347993e+01
2.989010989010989050e+01,-5.665445665445665746e+00,1.660561660561660702e+01,1.035409035409035461e+01
3.184371184371184427e+01,-7.619047619047618625e+00,1.230769230769230838e+01,5.274725274725274637e+00
3.653235653235653047e+01,-1.367521367521367548e+00,1.308913308913308882e+01,2.539682539682539542e+00
4.043956043956043800e+01,9.181929181929181283e+00,1.621489621489621413e+01,9.768009768009767724e-01
4.278388278388278110e+01,1.347985347985347993e+01,1.855921855921856078e+01,-2.148962148962148877e+00
4.590964590964590997e+01,1.504273504273504258e+01,1.894993894993895012e+01,-3.321123321123321315e+00
4.708180708180708507e+01,2.051282051282051455e+01,1.894993894993895012e+01,-4.102564102564102200e+00
4.317460317460317754e+01,2.481074481074481142e+01,1.582417582417582480e+01,-5.274725274725274637e+00
3.614163614163614113e+01,2.207570207570207543e+01,9.963369963369963500e+00,-1.074481074481074394e+01
2.637362637362637230e+01,2.285714285714285765e+01,7.619047619047618625e+00,-1.543345543345543369e+01
2.012210012210012167e+01,2.559218559218559363e+01,7.619047619047618625e+00,-1.621489621489621413e+01
1.699633699633699635e+01,2.598290598290598297e+01,6.837606837606837296e+00,-1.660561660561660702e+01
1.387057387057387103e+01,2.402930402930402920e+01,8.791208791208791951e+00,-1.699633699633699635e+01
9.181929181929181283e+00,1.699633699633699635e+01,9.572649572649572391e+00,-1.621489621489621413e+01
-5.860805860805861078e-01,1.191697191697191727e+01,7.228327228327228404e+00,-1.855921855921856078e+01
-1.230769230769230838e+01,1.113553113553113505e+01,2.148962148962148877e+00,-2.442002442002441853e+01
-1.934065934065933945e+01,1.113553113553113505e+01,-5.860805860805861078e-01,-2.793650793650793673e+01
-2.363858363858363987e+01,8.791208791208791951e+00,-1.367521367521367548e+00,-2.949938949938949762e+01
-2.559218559218559363e+01,7.619047619047618625e+00,-3.711843711843711979e+00,-3.067155067155067272e+01
-2.442002442002441853e+01,1.035409035409035461e+01,-3.321123321123321315e+00,-2.989010989010989050e+01
-2.363858363858363987e+01,1.621489621489621413e+01,-2.148962148962148877e+00,-2.402930402930402920e+01
-2.754578754578754740e+01,1.582417582417582480e+01,-5.665445665445665746e+00,-2.090354090354090388e+01
-2.949938949938949762e+01,1.504273504273504258e+01,-1.074481074481074394e+01,-2.285714285714285765e+01
-2.910866910866910828e+01,2.051282051282051455e+01,-1.269841269841269771e+01,-1.973137973137973233e+01
-3.028083028083027983e+01,2.442002442002441853e+01,-1.230769230769230838e+01,-1.816849816849816790e+01
-2.793650793650793673e+01,2.285714285714285765e+01,-1.269841269841269771e+01,-1.855921855921856078e+01
-2.129426129426129322e+01,1.660561660561660702e+01,-8.791208791208791951e+00,-1.269841269841269771e+01
-1.465201465201465147e+01,1.152625152625152616e+01,-6.446886446886447075e+00,-7.228327228327228404e+00
-8.400488400488400842e+00,8.791208791208791951e+00,-9.572649572649572391e+00,-7.619047619047618625e+00
-2.148962148962148877e+00,6.446886446886447075e+00,-1.426129426129426214e+01,-7.228327228327228404e+00
3.321123321123321315e+00,7.228327228327228404e+00,-1.504273504273504258e+01,-6.056166056166055967e+00
7.228327228327228404e+00,9.181929181929181283e+00,-1.894993894993895012e+01,-7.228327228327228404e+00
1.035409035409035461e+01,9.963369963369963500e+00,-2.324786324786324698e+01,-9.963369963369963500e+00
1.152625152625152616e+01,1.191697191697191727e+01,-2.598290598290598297e+01,-8.009768009768009733e+00
9.963369963369963500e+00,9.181929181929181283e+00,-2.989010989010989050e+01,-4.102564102564102200e+00
2.148962148962148877e+00,1.074481074481074394e+01,-3.731379731379731624e+01,-2.148962148962148877e+00
-2.930402930402930206e+00,2.363858363858363987e+01,-4.043956043956043800e+01,2.148962148962148877e+00
-4.493284493284493308e+00,3.965811965811965933e+01,-4.122100122100122377e+01,8.400488400488400842e+00
-4.102564102564102200e+00,4.356532356532356687e+01,-4.278388278388278110e+01,8.791208791208791951e+00
-3.711843711843711979e+00,4.903540903540903884e+01,-4.317460317460317754e+01,7.228327228327228404e+00
-2.539682539682539542e+00,5.567765567765567880e+01,-4.239316239316239177e+01,1.113553113553113505e+01
-8.791208791208791951e+00,5.606837606837606813e+01,-4.239316239316239177e+01,1.074481074481074394e+01
-2.012210012210012167e+01,5.411477411477411437e+01,-4.434676434676434553e+01,8.791208791208791951e+00
-2.989010989010989050e+01,5.059829059829059617e+01,-4.161172161172161310e+01,9.181929181929181283e+00
-3.653235653235653047e+01,4.669108669108668863e+01,-3.809523809523809490e+01,7.619047619047618625e+00
-4.200244200244200243e+01,4.786324786324786373e+01,-3.848595848595848423e+01,4.102564102564102200e+00
-4.278388278388278110e+01,4.669108669108668863e+01,-3.926739926739927000e+01,2.539682539682539542e+00
-3.887667887667887356e+01,4.043956043956043800e+01,-4.043956043956043800e+01,4.884004884004884417e+00
-3.809523809523809490e+01,3.223443223443223360e+01,-4.161172161172161310e+01,4.493284493284493308e+00
-3.731379731379731624e+01,2.793650793650793673e+01,-3.965811965811965933e+01,3.321123321123321315e+00
-3.496947496947496603e+01,3.223443223443223360e+01,-3.418803418803418737e+01,5.274725274725274637e+00
-3.457875457875457670e+01,3.262515262515262293e+01,-3.145299145299145138e+01,4.102564102564102200e+00
-3.731379731379731624e+01,3.496947496947496603e+01,-3.145299145299145138e+01,9.768009768009767724e-01
-3.692307692307691980e+01,4.669108669108668863e+01,-2.910866910866910828e+01,2.539682539682539542e+00
-3.536019536019536247e+01,4.669108669108668863e+01,-2.442002442002441853e+01,4.884004884004884417e+00
-3.457875457875457670e+01,4.004884004884004867e+01,-1.816849816849816790e+01,5.860805860805861078e-01
-3.028083028083027983e+01,3.262515262515262293e+01,-1.269841269841269771e+01,-2.148962148962148877e+00
-2.442002442002441853e+01,2.715506715506715452e+01,-7.619047619047618625e+00,-2.930402930402930206e+00
-2.129426129426129322e+01,2.559218559218559363e+01,-7.228327228327228404e+00,-5.665445665445665746e+00
-1.699633699633699635e+01,2.246642246642246477e+01,-7.619047619047618625e+00,-6.446886446886447075e+00
-9.181929181929181283e+00,2.246642246642246477e+01,-4.493284493284493308e+00,-2.148962148962148877e+00
-1.367521367521367548e+00,2.481074481074481142e+01,-1.953601953601953600e-01,1.953601953601953600e-01
2.148962148962148877e+00,2.559218559218559363e+01,1.953601953601953600e-01,-1.758241758241758212e+00
3.711843711843711979e+00,2.207570207570207543e+01,5.860805860805861078e-01,-9.768009768009767724e-01
2.148962148962148877e+00,1.152625152625152616e+01,2.148962148962148877e+00,9.768009768009767724e-01
-9.768009768009767724e-01,9.768009768009767724e-01,2.930402930402930206e+00,1.953601953601953600e-01
-1.758241758241758212e+00,-2.539682539682539542e+00,6.446886446886447075e+00,1.758241758241758212e+00
2.930402930402930206e+00,-9.768009768009767724e-01,1.269841269841269771e+01,3.711843711843711979e+00
8.400488400488400842e+00,-1.953601953601953600e-01,1.426129426129426214e+01,9.768009768009767724e-01
1.308913308913308882e+01,-2.148962148962148877e+00,1.230769230769230838e+01,-2.148962148962148877e+00
1.777777777777777857e+01,1.953601953601953600e-01,1.230769230769230838e+01,-2.539682539682539542e+00
2.051282051282051455e+01,9.768009768009767724e-01,1.035409035409035461e+01,-2.930402930402930206e+00
1.934065934065933945e+01,-6.056166056166055967e+00,9.181929181929181283e+00,-5.274725274725274637e+00
2.012210012210012167e+01,-1.113553113553113505e+01,1.035409035409035461e+01,-4.884004884004884417e+00
2.168498168498168610e+01,-6.446886446886447075e+00,1.191697191697191727e+01,-5.274725274725274637e+00
2.051282051282051455e+01,-1.758241758241758212e+00,1.230769230769230838e+01,-8.009768009768009733e+00
2.012210012210012167e+01,-5.860805860805861078e-01,1.269841269841269771e+01,-1.191697191697191727e+01
1.816849816849816790e+01,-2.148962148962148877e+00,7.228327228327228404e+00,-1.582417582417582480e+01
1.230769230769230838e+01,-6.446886446886447075e+00,-9.768009768009767724e-01,-1.894993894993895012e+01
5.665445665445665746e+00,-7.228327228327228404e+00,-8.400488400488400842e+00,-2.051282051282051455e+01
1.758241758241758212e+00,-9.768009768009767724e-01,-1.230769230769230838e+01,-1.660561660561660702e+01
-1.758241758241758212e+00,9.768009768009767724e-01,-1.269841269841269771e+01,-1.269841269841269771e+01
-7.228327228327228404e+00,-3.321123321123321315e+00,-1.269841269841269771e+01,-1.504273504273504258e+01
-1.347985347985347993e+01,-5.860805860805861078e-01,-1.582417582417582480e+01,-1.894993894993895012e+01
-2.207570207570207543e+01,1.758241758241758212e+00,-2.051282051282051455e+01,-2.363858363858363987e+01
-2.949938949938949762e+01,1.953601953601953600e-01,-2.832722832722832607e+01,-2.949938949938949762e+01
-3.184371184371184427e+01,1.953601953601953600e-01,-3.653235653235653047e+01,-3.145299145299145138e+01
-3.067155067155067272e+01,4.102564102564102200e+00,-4.083028083028082733e+01,-2.832722832722832607e+01
-2.989010989010989050e+01,5.860805860805861078e-01,-4.590964590964590997e+01,-2.481074481074481142e+01
-3.184371184371184427e+01,-4.102564102564102200e+00,-4.903540903540903884e+01,-2.324786324786324698e+01
-3.262515262515262293e+01,-6.837606837606837296e+00,-4.903540903540903884e+01,-1.894993894993895012e+01
-3.028083028083027983e+01,-6.056166056166055967e+00,-4.512820512820513130e+01,-1.347985347985347993e+01
-2.832722832722832607e+01,-6.446886446886447075e+00,-3.926739926739927000e+01,-1.191697191697191727e+01
-2.715506715506715452e+01,-1.113553113553113505e+01,-3.457875457875457670e+01,-9.963369963369963500e+00
-2.559218559218559363e+01,-1.894993894993895012e+01,-2.989010989010989050e+01,-7.619047619047618625e+00
-2.910866910866910828e+01,-2.910866910866910828e+01,-2.871794871794871895e+01,-7.228327228327228404e+00
-3.575091575091575180e+01,-2.949938949938949762e+01,-2.910866910866910828e+01,-1.113553113553113505e+01
-3.770451770451770557e+01,-2.715506715506715452e+01,-3.028083028083027983e+01,-1.347985347985347993e+01
-3.926739926739927000e+01,-2.754578754578754740e+01,-2.871794871794871895e+01,-1.387057387057387103e+01
-4.356532356532356687e+01,-2.520146520146520075e+01,-2.363858363858363987e+01,-1.504273504273504258e+01
-4.512820512820513130e+01,-1.347985347985347993e+01,-1.699633699633699635e+01,-9.181929181929181283e+00
-4.512820512820513130e+01,-3.711843711843711979e+00,-8.791208791208791951e+00,5.860805860805861078e-01
-4.473748473748473486e+01,-3.711843711843711979e+00,-3.711843711843711979e+00,6.056166056166055967e+00
-4.395604395604395620e+01,-2.148962148962148877e+00,-3.711843711843711979e+00,9.181929181929181283e+00
-3.926739926739927000e+01,4.102564102564102200e+00,-5.860805860805861078e-01,1.543345543345543369e+01
-3.809523809523809490e+01,9.963369963369963500e+00,5.860805860805861078e-01,1.894993894993895012e+01
-3.926739926739927000e+01,1.347985347985347993e+01,1.367521367521367548e+00,2.168498168498168610e+01
-3.575091575091575180e+01,1.816849816849816790e+01,8.400488400488400842e+00,2.715506715506715452e+01
-3.340659340659340870e+01,1.973137973137973233e+01,1.230769230769230838e+01,3.106227106227106205e+01
-3.457875457875457670e+01,2.090354090354090388e+01,1.426129426129426214e+01,2.715506715506715452e+01
-3.262515262515262293e+01,2.168498168498168610e+01,1.934065934065933945e+01,2.246642246642246477e+01
-3.106227106227106205e+01,1.973137973137973233e+01,2.129426129426129322e+01,2.090354090354090388e+01
-3.301587301587301937e+01,1.855921855921856078e+01,1.660561660561660702e+01,2.246642246642246477e+01
-3.418803418803418737e+01,2.246642246642246477e+01,9.963369963369963500e+00,2.520146520146520075e+01
-3.145299145299145138e+01,2.989010989010989050e+01,5.274725274725274637e+00,3.145299145299145138e+01
-2.949938949938949762e+01,3.028083028083027983e+01,2.148962148962148877e+00,3.184371184371184427e+01
-2.754578754578754740e+01,2.559218559218559363e+01,2.148962148962148877e+00,2.402930402930402920e+01
-2.090354090354090388e+01,2.793650793650793673e+01,6.056166056166055967e+00,1.934065934065933945e+01
-1.582417582417582480e+01,1.855921855921856078e+01,9.181929181929181283e+00,1.894993894993895012e+01
-1.543345543345543369e+01,6.446886446886447075e+00,7.619047619047618625e+00,1.934065934065933945e+01
-1.543345543345543369e+01,1.367521367521367548e+00,6.056166056166055967e+00,2.442002442002441853e+01
-1.387057387057387103e+01,2.930402930402930206e+00,6.837606837606837296e+00,3.067155067155067272e+01
-1.387057387057387103e+01,1.035409035409035461e+01,3.711843711843711979e+00,2.989010989010989050e+01
-1.387057387057387103e+01,1.699633699633699635e+01,-5.860805860805861078e-01,2.676434676434676518e+01
-1.035409035409035461e+01,1.973137973137973233e+01,-5.274725274725274637e+00,2.442002442002441853e+01
-8.400488400488400842e+00,2.481074481074481142e+01,-1.308913308913308882e+01,2.324786324786324698e+01
-7.619047619047618625e+00,2.989010989010989050e+01,-1.660561660561660702e+01,2.129426129426129322e+01
-3.321123321123321315e+00,3.418803418803418737e+01,-1.660561660561660702e+01,2.324786324786324698e+01
9.768009768009767724e-01,3.418803418803418737e+01,-1.660561660561660702e+01,2.676434676434676518e+01
5.665445665445665746e+00,3.223443223443223360e+01,-1.582417582417582480e+01,2.598290598290598297e+01
7.228327228327228404e+00,3.692307692307691980e+01,-1.816849816849816790e+01,2.754578754578754740e+01
1.035409035409035461e+01,4.512820512820513130e+01,-1.777777777777777857e+01,3.145299145299145138e+01
1.074481074481074394e+01,4.473748473748473486e+01,-1.894993894993895012e+01,3.379731379731379803e+01
1.113553113553113505e+01,4.590964590964590997e+01,-1.934065934065933945e+01,3.536019536019536247e+01
1.738705738705738568e+01,5.450549450549450370e+01,-1.973137973137973233e+01,3.536019536019536247e+01
2.676434676434676518e+01,5.606837606837606813e+01,-2.129426129426129322e+01,3.067155067155067272e+01
3.223443223443223360e+01,5.137973137973138194e+01,-2.637362637362637230e+01,2.285714285714285765e+01
3.887667887667887356e+01,4.630036630036629930e+01,-2.793650793650793673e+01,1.934065934065933945e+01
4.200244200244200243e+01,4.043956043956043800e+01,-2.715506715506715452e+01,1.816849816849816790e+01
3.848595848595848423e+01,3.262515262515262293e+01,-2.832722832722832607e+01,1.582417582417582480e+01
3.262515262515262293e+01,2.363858363858363987e+01,-2.793650793650793673e+01,1.347985347985347993e+01
3.067155067155067272e+01,1.426129426129426214e+01,-2.520146520146520075e+01,1.269841269841269771e+01
2.754578754578754740e+01,8.400488400488400842e+00,-2.285714285714285765e+01,1.191697191697191727e+01
2.676434676434676518e+01,8.009768009768009733e+00,-2.012210012210012167e+01,1.113553113553113505e+01
2.949938949938949762e+01,8.400488400488400842e+00,-1.738705738705738568e+01,1.152625152625152616e+01
2.949938949938949762e+01,3.321123321123321315e+00,-1.387057387057387103e+01,9.572649572649572391e+00
2.598290598290598297e+01,-5.665445665445665746e+00,-1.582417582417582480e+01,3.711843711843711979e+00
2.129426129426129322e+01,-8.009768009768009733e+00,-1.582417582417582480e+01,9.768009768009767724e-01
1.582417582417582480e+01,-9.181929181929181283e+00,-1.426129426129426214e+01,-1.367521367521367548e+00
1.035409035409035461e+01,-1.543345543345543369e+01,-1.660561660561660702e+01,-2.539682539682539542e+00
5.665445665445665746e+00,-2.090354090354090388e+01,-1.777777777777777857e+01,-6.056166056166055967e+00
4.493284493284493308e+00,-2.129426129426129322e+01,-1.582417582417582480e+01,-6.446886446886447075e+00
4.884004884004884417e+00,-2.363858363858363987e+01,-1.465201465201465147e+01,-5.665445665445665746e+00
6.446886446886447075e+00,-2.754578754578754740e+01,-1.269841269841269771e+01,-6.056166056166055967e+00
8.400488400488400842e+00,-2.754578754578754740e+01,-6.837606837606837296e+00,-6.837606837606837296e+00
1.074481074481074394e+01,-2.637362637362637230e+01,-5.274725274725274637e+00,-5.274725274725274637e+00
8.009768009768009733e+00,-2.402930402930402920e+01,-7.228327228327228404e+00,-9.572649572649572391e+00
6.446886446886447075e+00,-2.559218559218559363e+01,-7.619047619047618625e+00,-1.660561660561660702e+01
6.056166056166055967e+00,-3.106227106227106205e+01,-9.181929181929181283e+00,-2.012210012210012167e+01
5.274725274725274637e+00,-3.457875457875457670e+01,-1.035409035409035461e+01,-2.442002442002441853e+01
1.953601953601953600e-01,-3.575091575091575180e+01,-1.113553113553113505e+01,-2.910866910866910828e+01
-6.446886446886447075e+00,-3.653235653235653047e+01,-1.152625152625152616e+01,-2.754578754578754740e+01
-1.504273504273504258e+01,-4.122100122100122377e+01,-1.543345543345543369e+01,-2.442002442002441853e+01
-2.481074481074481142e+01,-4.864468864468864240e+01,-1.894993894993895012e+01,-2.442002442002441853e+01
-3.028083028083027983e+01,-4.942612942612942817e+01,-2.324786324786324698e+01,-2.402930402930402920e+01
-3.106227106227106205e+01,-4.434676434676434553e+01,-2.637362637362637230e+01,-2.207570207570207543e+01
-3.067155067155067272e+01,-4.551892551892552063e+01,-2.949938949938949762e+01,-2.285714285714285765e+01
-3.145299145299145138e+01,-4.590964590964590997e+01,-3.223443223443223360e+01,-2.363858363858363987e+01
-3.184371184371184427e+01,-3.692307692307691980e+01,-2.949938949938949762e+01,-2.129426129426129322e+01
-3.379731379731379803e+01,-3.262515262515262293e+01,-2.871794871794871895e+01,-1.816849816849816790e+01
-4.083028083028082733e+01,-3.340659340659340870e+01,-2.754578754578754740e+01,-2.012210012210012167e+01
-4.708180708180708507e+01,-3.457875457875457670e+01,-2.481074481074481142e+01,-1.894993894993895012e+01
-4.825396825396825307e+01,-3.575091575091575180e+01,-2.442002442002441853e+01,-1.465201465201465147e+01
-5.059829059829059617e+01,-3.770451770451770557e+01,-2.481074481074481142e+01,-1.621489621489621413e+01
-5.059829059829059617e+01,-3.653235653235653047e+01,-2.285714285714285765e+01,-1.347985347985347993e+01
-4.512820512820513130e+01,-3.770451770451770557e+01,-1.777777777777777857e+01,-7.228327228327228404e+00
-4.395604395604395620e+01,-4.004884004884004867e+01,-1.426129426129426214e+01,-6.446886446886447075e+00
-4.708180708180708507e+01,-4.083028083028082733e+01,-1.230769230769230838e+01,-8.009768009768009733e+00
-4.708180708180708507e+01,-3.653235653235653047e+01,-9.572649572649572391e+00,-9.963369963369963500e+00
-4.786324786324786373e+01,-3.731379731379731624e+01,-1.113553113553113505e+01,-1.504273504273504258e+01
-4.903540903540903884e+01,-3.653235653235653047e+01,-1.543345543345543369e+01,-2.246642246642246477e+01
-4.590964590964590997e+01,-2.363858363858363987e+01,-1.855921855921856078e+01,-2.402930402930402920e+01
-4.473748473748473486e+01,-2.090354090354090388e+01,-2.129426129426129322e+01,-2.051282051282051455e+01
-4.981684981684981750e+01,-2.207570207570207543e+01,-2.402930402930402920e+01,-2.090354090354090388e+01
-5.567765567765567880e+01,-2.637362637362637230e+01,-2.285714285714285765e+01,-2.324786324786324698e+01
-5.763125763125763257e+01,-2.910866910866910828e+01,-1.777777777777777857e+01,-2.598290598290598297e+01
-6.114774114774115077e+01,-3.067155067155067272e+01,-1.582417582417582480e+01,-3.223443223443223360e+01
-6.192918192918192943e+01,-3.536019536019536247e+01,-1.660561660561660702e+01,-4.161172161172161310e+01
-5.958485958485958633e+01,-3.575091575091575180e+01,-1.660561660561660702e+01,-4.161172161172161310e+01
-6.114774114774115077e+01,-3.379731379731379803e+01,-1.894993894993895012e+01,-3.965811965811965933e+01
-6.818070818070818007e+01,-2.989010989010989050e+01,-2.481074481074481142e+01,-4.043956043956043800e+01
-7.326007326007325560e+01,-2.520146520146520075e+01,-2.754578754578754740e+01,-3.965811965811965933e+01
-7.794871794871794179e+01,-2.598290598290598297e+01,-2.910866910866910828e+01,-3.809523809523809490e+01
-8.302808302808303154e+01,-3.184371184371184427e+01,-3.067155067155067272e+01,-4.161172161172161310e+01
-8.420024420024419953e+01,-3.028083028083027983e+01,-3.223443223443223360e+01,-4.434676434676434553e+01
-8.224664224664225287e+01,-3.028083028083027983e+01,-3.379731379731379803e+01,-4.083028083028082733e+01
-8.302808302808303154e+01,-3.457875457875457670e+01,-3.653235653235653047e+01,-3.614163614163614113e+01
-8.341880341880342087e+01,-3.575091575091575180e+01,-4.161172161172161310e+01,-2.910866910866910828e+01
-8.263736263736264220e+01,-2.754578754578754740e+01,-4.239316239316239177e+01,-2.246642246642246477e+01
-8.420024420024419953e+01,-2.129426129426129322e+01,-3.965811965811965933e+01,-1.777777777777777857e+01
-9.006105006105006794e+01,-2.207570207570207543e+01,-3.926739926739927000e+01,-1.738705738705738568e+01
-9.318681318681318260e+01,-2.324786324786324698e+01,-3.809523809523809490e+01,-1.777777777777777857e+01
-9.514041514041514347e+01,-2.012210012210012167e+01,-3.653235653235653047e+01,-1.387057387057387103e+01
