segment_id,subject,run,kind,t_start_s,duration_s,seizure_onset_s,lead_seizure,vigilance,localization,lateralization,bte_side,n_windows,n_windows_ok,ecg_verdict,bpm,rr_cv,file
sub-002_run-01_preictal_10389,sub-002,01,preictal,10389.0,240.0,10629.0,yes,awake,cen_par,left,left,477,477,clean,68,0.04,sub-002/sub-002_run-01_preictal_10389.npz
sub-002_run-01_ictal_10629,sub-002,01,ictal,10629.0,181.0,10629.0,yes,awake,cen_par,left,left,359,359,clean,68,0.04,sub-002/sub-002_run-01_ictal_10629.npz
sub-002_run-06_preictal_76814,sub-002,06,preictal,76814.0,240.0,77054.0,yes,asleep,un,right,left,477,477,usable,59,0.27,sub-002/sub-002_run-06_preictal_76814.npz
sub-002_run-06_ictal_77054,sub-002,06,ictal,77054.0,180.0,77054.0,yes,asleep,un,right,left,357,357,usable,59,0.27,sub-002/sub-002_run-06_ictal_77054.npz
sub-002_run-09_preictal_16550,sub-002,09,preictal,16550.0,240.0,16790.0,yes,asleep,cen_par,left,left,477,477,recovered,67,0.21,sub-002/sub-002_run-09_preictal_16550.npz
sub-002_run-09_ictal_16790,sub-002,09,ictal,16790.0,59.0,16790.0,yes,asleep,cen_par,left,left,115,115,recovered,67,0.21,sub-002/sub-002_run-09_ictal_16790.npz
sub-002_run-06_interictal_32760,sub-002,06,interictal,32760.0,240.0,,,,,,left,477,422,clean,81,0.04,sub-002/sub-002_run-06_interictal_32760.npz
sub-002_run-03_interictal_11700,sub-002,03,interictal,11700.0,240.0,,,,,,left,477,477,clean,64,0.06,sub-002/sub-002_run-03_interictal_11700.npz
sub-002_run-05_interictal_10260,sub-002,05,interictal,10260.0,240.0,,,,,,left,477,477,clean,75,0.03,sub-002/sub-002_run-05_interictal_10260.npz
sub-073_run-16_preictal_3129,sub-073,16,preictal,3129.0,240.0,3369.0,yes,awake,front_temp,left,left,477,477,clean,77,0.07,sub-073/sub-073_run-16_preictal_3129.npz
sub-073_run-16_ictal_3369,sub-073,16,ictal,3369.0,65.0,3369.0,yes,awake,front_temp,left,left,127,123,clean,77,0.07,sub-073/sub-073_run-16_ictal_3369.npz
sub-073_run-24_preictal_14578,sub-073,24,preictal,14578.0,240.0,14818.0,yes,asleep,front_temp,left,left,477,477,clean,52,0.10,sub-073/sub-073_run-24_preictal_14578.npz
sub-073_run-24_ictal_14818,sub-073,24,ictal,14818.0,86.0,14818.0,yes,asleep,front_temp,left,left,169,120,clean,52,0.10,sub-073/sub-073_run-24_ictal_14818.npz
sub-073_run-26_preictal_2372,sub-073,26,preictal,2372.0,240.0,2612.0,yes,awake,front_temp,left,left,477,472,usable,80,0.12,sub-073/sub-073_run-26_preictal_2372.npz
sub-073_run-26_ictal_2612,sub-073,26,ictal,2612.0,123.0,2612.0,yes,awake,front_temp,left,left,243,231,usable,80,0.12,sub-073/sub-073_run-26_ictal_2612.npz
sub-073_run-30_preictal_2388,sub-073,30,preictal,2388.0,240.0,2628.0,yes,awake,front_temp,left,left,477,477,clean,76,0.06,sub-073/sub-073_run-30_preictal_2388.npz
sub-073_run-30_ictal_2628,sub-073,30,ictal,2628.0,107.0,2628.0,yes,awake,front_temp,left,left,211,206,clean,76,0.06,sub-073/sub-073_run-30_ictal_2628.npz
sub-073_run-31_preictal_7106,sub-073,31,preictal,7106.0,240.0,7346.0,yes,awake,front_temp,left,left,477,452,usable,69,0.19,sub-073/sub-073_run-31_preictal_7106.npz
sub-073_run-31_ictal_7346,sub-073,31,ictal,7346.0,116.0,7346.0,yes,awake,front_temp,left,left,229,158,usable,69,0.19,sub-073/sub-073_run-31_ictal_7346.npz
sub-073_run-31_preictal_15138,sub-073,31,preictal,15138.0,240.0,15378.0,yes,asleep,front_temp,left,left,477,477,usable,68,0.11,sub-073/sub-073_run-31_preictal_15138.npz
sub-073_run-31_ictal_15378,sub-073,31,ictal,15378.0,71.0,15378.0,yes,asleep,front_temp,left,left,139,103,usable,68,0.11,sub-073/sub-073_run-31_ictal_15378.npz
sub-073_run-32_preictal_6904,sub-073,32,preictal,6904.0,240.0,7144.0,yes,asleep,front_temp,left,left,477,477,clean,62,0.10,sub-073/sub-073_run-32_preictal_6904.npz
sub-073_run-32_ictal_7144,sub-073,32,ictal,7144.0,107.0,7144.0,yes,asleep,front_temp,left,left,211,208,clean,62,0.10,sub-073/sub-073_run-32_ictal_7144.npz
sub-073_run-35_preictal_15131,sub-073,35,preictal,15131.0,240.0,15371.0,yes,un,front_temp,left,left,477,477,usable,79,0.20,sub-073/sub-073_run-35_preictal_15131.npz
sub-073_run-35_ictal_15371,sub-073,35,ictal,15371.0,21.0,15371.0,yes,un,front_temp,left,left,39,39,usable,79,0.20,sub-073/sub-073_run-35_ictal_15371.npz
sub-073_run-36_preictal_6203,sub-073,36,preictal,6203.0,240.0,6443.0,yes,awake,front_temp,left,left,477,477,usable,81,0.22,sub-073/sub-073_run-36_preictal_6203.npz
sub-073_run-36_ictal_6443,sub-073,36,ictal,6443.0,67.0,6443.0,yes,awake,front_temp,left,left,131,108,usable,81,0.22,sub-073/sub-073_run-36_ictal_6443.npz
sub-073_run-36_preictal_12967,sub-073,36,preictal,12967.0,240.0,13207.0,yes,asleep,front_temp,left,left,477,477,clean,65,0.05,sub-073/sub-073_run-36_preictal_12967.npz
sub-073_run-36_ictal_13207,sub-073,36,ictal,13207.0,87.0,13207.0,yes,asleep,front_temp,left,left,171,93,clean,65,0.05,sub-073/sub-073_run-36_ictal_13207.npz
sub-073_run-36_preictal_13788,sub-073,36,preictal,13788.0,240.0,14028.0,no,asleep,front_temp,left,left,477,477,clean,63,0.10,sub-073/sub-073_run-36_preictal_13788.npz
sub-073_run-36_ictal_14028,sub-073,36,ictal,14028.0,111.0,14028.0,no,asleep,front_temp,left,left,219,163,clean,63,0.10,sub-073/sub-073_run-36_ictal_14028.npz
sub-073_run-36_preictal_17755,sub-073,36,preictal,17755.0,240.0,17995.0,yes,asleep,front_temp,left,left,477,473,clean,65,0.09,sub-073/sub-073_run-36_preictal_17755.npz
sub-073_run-36_ictal_17995,sub-073,36,ictal,17995.0,94.0,17995.0,yes,asleep,front_temp,left,left,185,160,clean,65,0.09,sub-073/sub-073_run-36_ictal_17995.npz
sub-073_run-37_preictal_2209,sub-073,37,preictal,2209.0,240.0,2449.0,yes,asleep,front_temp,left,left,477,477,clean,60,0.06,sub-073/sub-073_run-37_preictal_2209.npz
sub-073_run-37_ictal_2449,sub-073,37,ictal,2449.0,144.0,2449.0,yes,asleep,front_temp,left,left,285,86,clean,60,0.06,sub-073/sub-073_run-37_ictal_2449.npz
sub-073_run-37_preictal_11858,sub-073,37,preictal,11858.0,240.0,12098.0,yes,awake,front_temp,left,left,477,477,usable,99,0.20,sub-073/sub-073_run-37_preictal_11858.npz
sub-073_run-37_ictal_12098,sub-073,37,ictal,12098.0,92.0,12098.0,yes,awake,front_temp,left,left,181,170,usable,99,0.20,sub-073/sub-073_run-37_ictal_12098.npz
sub-073_run-39_preictal_299,sub-073,39,preictal,299.0,240.0,539.0,unknown,awake,front_temp,left,left,477,468,usable,88,0.11,sub-073/sub-073_run-39_preictal_299.npz
sub-073_run-39_ictal_539,sub-073,39,ictal,539.0,94.0,539.0,unknown,awake,front_temp,left,left,185,179,usable,88,0.11,sub-073/sub-073_run-39_ictal_539.npz
sub-073_run-39_preictal_9999,sub-073,39,preictal,9999.0,240.0,10239.0,yes,awake,front_temp,left,left,477,462,usable,73,0.20,sub-073/sub-073_run-39_preictal_9999.npz
sub-073_run-39_ictal_10239,sub-073,39,ictal,10239.0,146.0,10239.0,yes,awake,front_temp,left,left,289,132,usable,73,0.20,sub-073/sub-073_run-39_ictal_10239.npz
sub-073_run-40_preictal_7111,sub-073,40,preictal,7111.0,240.0,7351.0,yes,awake,front_temp,left,left,477,463,usable,85,0.17,sub-073/sub-073_run-40_preictal_7111.npz
sub-073_run-40_ictal_7351,sub-073,40,ictal,7351.0,84.0,7351.0,yes,awake,front_temp,left,left,165,74,usable,85,0.17,sub-073/sub-073_run-40_ictal_7351.npz
sub-073_run-40_preictal_11742,sub-073,40,preictal,11742.0,240.0,11982.0,yes,awake,front_temp,left,left,477,427,clean,94,0.07,sub-073/sub-073_run-40_preictal_11742.npz
sub-073_run-40_ictal_11982,sub-073,40,ictal,11982.0,99.0,11982.0,yes,awake,front_temp,left,left,195,183,clean,94,0.07,sub-073/sub-073_run-40_ictal_11982.npz
sub-073_run-41_preictal_149,sub-073,41,preictal,149.0,240.0,389.0,unknown,un,un,un,left,477,477,clean,75,0.05,sub-073/sub-073_run-41_preictal_149.npz
sub-073_run-41_ictal_389,sub-073,41,ictal,389.0,62.0,389.0,unknown,un,un,un,left,121,121,clean,75,0.05,sub-073/sub-073_run-41_ictal_389.npz
sub-073_run-41_preictal_541,sub-073,41,preictal,541.0,240.0,781.0,no,un,un,un,left,477,477,clean,74,0.07,sub-073/sub-073_run-41_preictal_541.npz
sub-073_run-41_ictal_781,sub-073,41,ictal,781.0,69.0,781.0,no,un,un,un,left,135,135,clean,74,0.07,sub-073/sub-073_run-41_ictal_781.npz
sub-073_run-41_preictal_905,sub-073,41,preictal,905.0,240.0,1145.0,no,un,un,un,left,477,477,clean,74,0.04,sub-073/sub-073_run-41_preictal_905.npz
sub-073_run-41_ictal_1145,sub-073,41,ictal,1145.0,80.0,1145.0,no,un,un,un,left,157,157,clean,74,0.04,sub-073/sub-073_run-41_ictal_1145.npz
sub-073_run-41_preictal_2566,sub-073,41,preictal,2566.0,240.0,2806.0,no,awake,front_temp,left,left,477,477,usable,84,0.15,sub-073/sub-073_run-41_preictal_2566.npz
sub-073_run-41_ictal_2806,sub-073,41,ictal,2806.0,111.0,2806.0,no,awake,front_temp,left,left,219,206,usable,84,0.15,sub-073/sub-073_run-41_ictal_2806.npz
sub-073_run-42_preictal_6102,sub-073,42,preictal,6102.0,240.0,6342.0,yes,awake,front_temp,left,left,477,477,clean,79,0.03,sub-073/sub-073_run-42_preictal_6102.npz
sub-073_run-42_ictal_6342,sub-073,42,ictal,6342.0,90.0,6342.0,yes,awake,front_temp,left,left,177,123,clean,79,0.03,sub-073/sub-073_run-42_ictal_6342.npz
sub-073_run-42_preictal_11765,sub-073,42,preictal,11765.0,240.0,12005.0,yes,asleep,front_temp,left,left,477,477,clean,67,0.08,sub-073/sub-073_run-42_preictal_11765.npz
sub-073_run-42_ictal_12005,sub-073,42,ictal,12005.0,148.0,12005.0,yes,asleep,front_temp,left,left,293,267,clean,67,0.08,sub-073/sub-073_run-42_ictal_12005.npz
sub-073_run-42_preictal_12543,sub-073,42,preictal,12543.0,240.0,12783.0,no,asleep,front_temp,left,left,477,443,usable,72,0.26,sub-073/sub-073_run-42_preictal_12543.npz
sub-073_run-42_ictal_12783,sub-073,42,ictal,12783.0,118.0,12783.0,no,asleep,front_temp,left,left,233,184,usable,72,0.26,sub-073/sub-073_run-42_ictal_12783.npz
sub-073_run-43_preictal_648,sub-073,43,preictal,648.0,240.0,888.0,unknown,asleep,front_temp,left,left,477,477,clean,70,0.03,sub-073/sub-073_run-43_preictal_648.npz
sub-073_run-43_ictal_888,sub-073,43,ictal,888.0,89.0,888.0,unknown,asleep,front_temp,left,left,175,94,clean,70,0.03,sub-073/sub-073_run-43_ictal_888.npz
sub-073_run-43_preictal_7364,sub-073,43,preictal,7364.0,240.0,7604.0,yes,asleep,front_temp,left,left,477,457,usable,67,0.26,sub-073/sub-073_run-43_preictal_7364.npz
sub-073_run-43_ictal_7604,sub-073,43,ictal,7604.0,94.0,7604.0,yes,asleep,front_temp,left,left,185,89,usable,67,0.26,sub-073/sub-073_run-43_ictal_7604.npz
sub-073_run-43_preictal_11662,sub-073,43,preictal,11662.0,240.0,11902.0,yes,asleep,front_temp,left,left,477,468,usable,70,0.14,sub-073/sub-073_run-43_preictal_11662.npz
sub-073_run-43_ictal_11902,sub-073,43,ictal,11902.0,75.0,11902.0,yes,asleep,front_temp,left,left,147,105,usable,70,0.14,sub-073/sub-073_run-43_ictal_11902.npz
sub-073_run-45_preictal_1359,sub-073,45,preictal,1359.0,240.0,1599.0,unknown,awake,front_temp,left,left,477,477,clean,80,0.08,sub-073/sub-073_run-45_preictal_1359.npz
sub-073_run-45_ictal_1599,sub-073,45,ictal,1599.0,92.0,1599.0,unknown,awake,front_temp,left,left,181,169,clean,80,0.08,sub-073/sub-073_run-45_ictal_1599.npz
sub-073_run-45_preictal_9232,sub-073,45,preictal,9232.0,240.0,9472.0,yes,awake,front_temp,left,left,477,477,usable,79,0.13,sub-073/sub-073_run-45_preictal_9232.npz
sub-073_run-45_ictal_9472,sub-073,45,ictal,9472.0,99.0,9472.0,yes,awake,front_temp,left,left,195,182,usable,79,0.13,sub-073/sub-073_run-45_ictal_9472.npz
sub-073_run-45_preictal_14431,sub-073,45,preictal,14431.0,240.0,14671.0,yes,awake,front_temp,left,left,477,477,clean,83,0.10,sub-073/sub-073_run-45_preictal_14431.npz
sub-073_run-45_ictal_14671,sub-073,45,ictal,14671.0,108.0,14671.0,yes,awake,front_temp,left,left,213,207,clean,83,0.10,sub-073/sub-073_run-45_ictal_14671.npz
sub-073_run-46_preictal_15252,sub-073,46,preictal,15252.0,240.0,15492.0,yes,awake,front_temp,left,left,477,434,usable,82,0.19,sub-073/sub-073_run-46_preictal_15252.npz
sub-073_run-46_ictal_15492,sub-073,46,ictal,15492.0,88.0,15492.0,yes,awake,front_temp,left,left,173,112,usable,82,0.19,sub-073/sub-073_run-46_ictal_15492.npz
sub-073_run-47_preictal_13281,sub-073,47,preictal,13281.0,240.0,13521.0,yes,asleep,front_temp,left,left,477,477,clean,71,0.05,sub-073/sub-073_run-47_preictal_13281.npz
sub-073_run-47_ictal_13521,sub-073,47,ictal,13521.0,98.0,13521.0,yes,asleep,front_temp,left,left,193,103,clean,71,0.05,sub-073/sub-073_run-47_ictal_13521.npz
sub-073_run-47_preictal_13904,sub-073,47,preictal,13904.0,240.0,14144.0,no,asleep,front_temp,left,left,477,477,clean,74,0.04,sub-073/sub-073_run-47_preictal_13904.npz
sub-073_run-47_ictal_14144,sub-073,47,ictal,14144.0,99.0,14144.0,no,asleep,front_temp,left,left,195,130,clean,74,0.04,sub-073/sub-073_run-47_ictal_14144.npz
sub-073_run-47_preictal_15454,sub-073,47,preictal,15454.0,240.0,15694.0,no,asleep,front_temp,left,left,477,477,clean,70,0.03,sub-073/sub-073_run-47_preictal_15454.npz
sub-073_run-47_ictal_15694,sub-073,47,ictal,15694.0,114.0,15694.0,no,asleep,front_temp,left,left,225,140,clean,70,0.03,sub-073/sub-073_run-47_ictal_15694.npz
sub-073_run-47_preictal_16580,sub-073,47,preictal,16580.0,240.0,16820.0,no,asleep,front_temp,left,left,477,471,clean,69,0.05,sub-073/sub-073_run-47_preictal_16580.npz
sub-073_run-47_ictal_16820,sub-073,47,ictal,16820.0,92.0,16820.0,no,asleep,front_temp,left,left,181,98,clean,69,0.05,sub-073/sub-073_run-47_ictal_16820.npz
sub-073_run-48_preictal_282,sub-073,48,preictal,282.0,240.0,522.0,unknown,asleep,front_temp,left,left,477,454,usable,67,0.13,sub-073/sub-073_run-48_preictal_282.npz
sub-073_run-48_ictal_522,sub-073,48,ictal,522.0,125.0,522.0,unknown,asleep,front_temp,left,left,247,185,usable,67,0.13,sub-073/sub-073_run-48_ictal_522.npz
sub-073_run-48_preictal_3231,sub-073,48,preictal,3231.0,240.0,3471.0,yes,asleep,front_temp,left,left,477,477,clean,62,0.04,sub-073/sub-073_run-48_preictal_3231.npz
sub-073_run-48_ictal_3471,sub-073,48,ictal,3471.0,92.0,3471.0,yes,asleep,front_temp,left,left,181,93,clean,62,0.04,sub-073/sub-073_run-48_ictal_3471.npz
sub-073_run-48_preictal_4663,sub-073,48,preictal,4663.0,240.0,4903.0,no,asleep,front_temp,left,left,477,477,clean,62,0.04,sub-073/sub-073_run-48_preictal_4663.npz
sub-073_run-48_ictal_4903,sub-073,48,ictal,4903.0,112.0,4903.0,no,asleep,front_temp,left,left,221,146,clean,62,0.04,sub-073/sub-073_run-48_ictal_4903.npz
sub-073_run-48_preictal_6014,sub-073,48,preictal,6014.0,240.0,6254.0,no,asleep,front_temp,left,left,477,477,clean,61,0.08,sub-073/sub-073_run-48_preictal_6014.npz
sub-073_run-48_ictal_6254,sub-073,48,ictal,6254.0,88.0,6254.0,no,asleep,front_temp,left,left,173,124,clean,61,0.08,sub-073/sub-073_run-48_ictal_6254.npz
sub-073_run-48_preictal_13392,sub-073,48,preictal,13392.0,240.0,13632.0,yes,asleep,front_temp,left,left,477,477,clean,60,0.10,sub-073/sub-073_run-48_preictal_13392.npz
sub-073_run-48_ictal_13632,sub-073,48,ictal,13632.0,114.0,13632.0,yes,asleep,front_temp,left,left,225,88,clean,60,0.10,sub-073/sub-073_run-48_ictal_13632.npz
sub-073_run-48_preictal_15590,sub-073,48,preictal,15590.0,240.0,15830.0,yes,asleep,front_temp,left,left,477,477,clean,79,0.06,sub-073/sub-073_run-48_preictal_15590.npz
sub-073_run-48_ictal_15830,sub-073,48,ictal,15830.0,126.0,15830.0,yes,asleep,front_temp,left,left,249,143,clean,79,0.06,sub-073/sub-073_run-48_ictal_15830.npz
sub-073_run-50_preictal_7241,sub-073,50,preictal,7241.0,240.0,7481.0,yes,awake,front_temp,left,left,477,477,clean,86,0.08,sub-073/sub-073_run-50_preictal_7241.npz
sub-073_run-50_ictal_7481,sub-073,50,ictal,7481.0,141.0,7481.0,yes,awake,front_temp,left,left,279,272,clean,86,0.08,sub-073/sub-073_run-50_ictal_7481.npz
sub-073_run-50_preictal_19451,sub-073,50,preictal,19451.0,240.0,19691.0,yes,awake,front_temp,left,left,477,476,usable,73,0.24,sub-073/sub-073_run-50_preictal_19451.npz
sub-073_run-50_ictal_19691,sub-073,50,ictal,19691.0,95.0,19691.0,yes,awake,front_temp,left,left,187,187,usable,73,0.24,sub-073/sub-073_run-50_ictal_19691.npz
sub-073_run-51_preictal_737,sub-073,51,preictal,737.0,240.0,977.0,unknown,asleep,front_temp,left,left,477,477,clean,77,0.06,sub-073/sub-073_run-51_preictal_737.npz
sub-073_run-51_ictal_977,sub-073,51,ictal,977.0,74.0,977.0,unknown,asleep,front_temp,left,left,145,129,clean,77,0.06,sub-073/sub-073_run-51_ictal_977.npz
sub-073_run-51_preictal_5097,sub-073,51,preictal,5097.0,240.0,5337.0,yes,asleep,front_temp,left,left,477,477,clean,67,0.08,sub-073/sub-073_run-51_preictal_5097.npz
sub-073_run-51_ictal_5337,sub-073,51,ictal,5337.0,108.0,5337.0,yes,asleep,front_temp,left,left,213,205,clean,67,0.08,sub-073/sub-073_run-51_ictal_5337.npz
sub-073_run-51_preictal_7562,sub-073,51,preictal,7562.0,240.0,7802.0,yes,asleep,front_temp,left,left,477,477,clean,65,0.06,sub-073/sub-073_run-51_preictal_7562.npz
sub-073_run-51_ictal_7802,sub-073,51,ictal,7802.0,101.0,7802.0,yes,asleep,front_temp,left,left,199,167,clean,65,0.06,sub-073/sub-073_run-51_ictal_7802.npz
sub-073_run-51_preictal_8805,sub-073,51,preictal,8805.0,240.0,9045.0,no,asleep,front_temp,left,left,477,477,clean,65,0.09,sub-073/sub-073_run-51_preictal_8805.npz
sub-073_run-51_ictal_9045,sub-073,51,ictal,9045.0,96.0,9045.0,no,asleep,front_temp,left,left,189,182,clean,65,0.09,sub-073/sub-073_run-51_ictal_9045.npz
sub-073_run-51_preictal_9488,sub-073,51,preictal,9488.0,240.0,9728.0,no,asleep,front_temp,left,left,477,477,usable,60,0.10,sub-073/sub-073_run-51_preictal_9488.npz
sub-073_run-51_ictal_9728,sub-073,51,ictal,9728.0,94.0,9728.0,no,asleep,front_temp,left,left,185,185,usable,60,0.10,sub-073/sub-073_run-51_ictal_9728.npz
sub-073_run-51_preictal_9969,sub-073,51,preictal,9969.0,240.0,10209.0,no,asleep,front_temp,left,left,477,477,usable,60,0.11,sub-073/sub-073_run-51_preictal_9969.npz
sub-073_run-51_ictal_10209,sub-073,51,ictal,10209.0,61.0,10209.0,no,asleep,front_temp,left,left,119,114,usable,60,0.11,sub-073/sub-073_run-51_ictal_10209.npz
sub-073_run-51_preictal_10507,sub-073,51,preictal,10507.0,240.0,10747.0,no,asleep,front_temp,left,left,477,477,usable,60,0.11,sub-073/sub-073_run-51_preictal_10507.npz
sub-073_run-51_ictal_10747,sub-073,51,ictal,10747.0,93.0,10747.0,no,asleep,front_temp,left,left,183,183,usable,60,0.11,sub-073/sub-073_run-51_ictal_10747.npz
sub-073_run-51_preictal_11146,sub-073,51,preictal,11146.0,240.0,11386.0,no,asleep,front_temp,left,left,477,477,usable,60,0.12,sub-073/sub-073_run-51_preictal_11146.npz
sub-073_run-51_ictal_11386,sub-073,51,ictal,11386.0,75.0,11386.0,no,asleep,front_temp,left,left,147,141,usable,60,0.12,sub-073/sub-073_run-51_ictal_11386.npz
sub-073_run-51_preictal_11886,sub-073,51,preictal,11886.0,240.0,12126.0,no,asleep,front_temp,left,left,477,477,usable,62,0.11,sub-073/sub-073_run-51_preictal_11886.npz
sub-073_run-51_ictal_12126,sub-073,51,ictal,12126.0,82.0,12126.0,no,asleep,front_temp,left,left,161,140,usable,62,0.11,sub-073/sub-073_run-51_ictal_12126.npz
sub-073_run-52_preictal_13763,sub-073,52,preictal,13763.0,240.0,14003.0,yes,asleep,front_temp,left,left,477,477,clean,62,0.07,sub-073/sub-073_run-52_preictal_13763.npz
sub-073_run-52_ictal_14003,sub-073,52,ictal,14003.0,115.0,14003.0,yes,asleep,front_temp,left,left,227,180,clean,62,0.07,sub-073/sub-073_run-52_ictal_14003.npz
sub-073_run-54_preictal_20866,sub-073,54,preictal,20866.0,240.0,21106.0,yes,un,un,un,left,477,477,usable,82,0.22,sub-073/sub-073_run-54_preictal_20866.npz
sub-073_run-54_ictal_21106,sub-073,54,ictal,21106.0,60.0,21106.0,yes,un,un,un,left,117,117,usable,82,0.22,sub-073/sub-073_run-54_ictal_21106.npz
sub-073_run-02_interictal_17760,sub-073,02,interictal,17760.0,240.0,,,,,,left,477,477,clean,71,0.05,sub-073/sub-073_run-02_interictal_17760.npz
sub-073_run-01_interictal_9300,sub-073,01,interictal,9300.0,240.0,,,,,,left,477,477,usable,74,0.18,sub-073/sub-073_run-01_interictal_9300.npz
sub-073_run-11_interictal_480,sub-073,11,interictal,480.0,240.0,,,,,,left,477,477,clean,83,0.05,sub-073/sub-073_run-11_interictal_480.npz
sub-073_run-62_interictal_1080,sub-073,62,interictal,1080.0,240.0,,,,,,left,477,477,clean,60,0.07,sub-073/sub-073_run-62_interictal_1080.npz
sub-073_run-12_interictal_13680,sub-073,12,interictal,13680.0,240.0,,,,,,left,477,477,usable,75,0.29,sub-073/sub-073_run-12_interictal_13680.npz
sub-073_run-13_interictal_18060,sub-073,13,interictal,18060.0,240.0,,,,,,left,477,399,usable,82,0.29,sub-073/sub-073_run-13_interictal_18060.npz
sub-073_run-43_interictal_4500,sub-073,43,interictal,4500.0,240.0,,,,,,left,477,477,clean,66,0.04,sub-073/sub-073_run-43_interictal_4500.npz
sub-073_run-34_interictal_14460,sub-073,34,interictal,14460.0,240.0,,,,,,left,477,433,usable,78,0.18,sub-073/sub-073_run-34_interictal_14460.npz
sub-073_run-58_interictal_16200,sub-073,58,interictal,16200.0,240.0,,,,,,left,477,477,clean,78,0.07,sub-073/sub-073_run-58_interictal_16200.npz
sub-073_run-23_interictal_20940,sub-073,23,interictal,20940.0,240.0,,,,,,left,477,469,usable,69,0.25,sub-073/sub-073_run-23_interictal_20940.npz
sub-073_run-03_interictal_16200,sub-073,03,interictal,16200.0,240.0,,,,,,left,477,477,clean,55,0.02,sub-073/sub-073_run-03_interictal_16200.npz
sub-073_run-23_interictal_7740,sub-073,23,interictal,7740.0,240.0,,,,,,left,477,477,usable,66,0.29,sub-073/sub-073_run-23_interictal_7740.npz
sub-073_run-56_interictal_19800,sub-073,56,interictal,19800.0,240.0,,,,,,left,477,477,clean,63,0.04,sub-073/sub-073_run-56_interictal_19800.npz
sub-073_run-56_interictal_9600,sub-073,56,interictal,9600.0,240.0,,,,,,left,477,477,clean,65,0.05,sub-073/sub-073_run-56_interictal_9600.npz
sub-073_run-23_interictal_720,sub-073,23,interictal,720.0,240.0,,,,,,left,477,477,clean,69,0.06,sub-073/sub-073_run-23_interictal_720.npz
sub-073_run-02_interictal_16740,sub-073,02,interictal,16740.0,240.0,,,,,,left,477,477,clean,71,0.08,sub-073/sub-073_run-02_interictal_16740.npz
sub-073_run-25_interictal_6720,sub-073,25,interictal,6720.0,240.0,,,,,,left,477,477,usable,62,0.16,sub-073/sub-073_run-25_interictal_6720.npz
sub-073_run-27_interictal_12000,sub-073,27,interictal,12000.0,240.0,,,,,,left,477,477,usable,81,0.21,sub-073/sub-073_run-27_interictal_12000.npz
sub-073_run-42_interictal_15600,sub-073,42,interictal,15600.0,240.0,,,,,,left,477,477,clean,70,0.04,sub-073/sub-073_run-42_interictal_15600.npz
sub-073_run-18_interictal_12300,sub-073,18,interictal,12300.0,240.0,,,,,,left,477,456,usable,90,0.20,sub-073/sub-073_run-18_interictal_12300.npz
sub-073_run-04_interictal_5580,sub-073,04,interictal,5580.0,240.0,,,,,,left,477,477,usable,60,0.11,sub-073/sub-073_run-04_interictal_5580.npz
sub-073_run-30_interictal_17040,sub-073,30,interictal,17040.0,240.0,,,,,,left,477,477,clean,83,0.05,sub-073/sub-073_run-30_interictal_17040.npz
sub-073_run-45_interictal_17760,sub-073,45,interictal,17760.0,240.0,,,,,,left,477,477,clean,81,0.09,sub-073/sub-073_run-45_interictal_17760.npz
sub-073_run-13_interictal_8400,sub-073,13,interictal,8400.0,240.0,,,,,,left,477,473,usable,76,0.15,sub-073/sub-073_run-13_interictal_8400.npz
sub-073_run-01_interictal_8460,sub-073,01,interictal,8460.0,240.0,,,,,,left,477,477,usable,75,0.18,sub-073/sub-073_run-01_interictal_8460.npz
sub-073_run-09_interictal_16080,sub-073,09,interictal,16080.0,240.0,,,,,,left,477,477,clean,57,0.02,sub-073/sub-073_run-09_interictal_16080.npz
sub-073_run-43_interictal_2820,sub-073,43,interictal,2820.0,240.0,,,,,,left,477,477,clean,70,0.03,sub-073/sub-073_run-43_interictal_2820.npz
sub-073_run-02_interictal_12900,sub-073,02,interictal,12900.0,240.0,,,,,,left,477,477,clean,77,0.09,sub-073/sub-073_run-02_interictal_12900.npz
sub-073_run-36_interictal_2280,sub-073,36,interictal,2280.0,240.0,,,,,,left,477,473,usable,80,0.15,sub-073/sub-073_run-36_interictal_2280.npz
sub-073_run-17_interictal_20520,sub-073,17,interictal,20520.0,240.0,,,,,,left,477,477,clean,83,0.09,sub-073/sub-073_run-17_interictal_20520.npz
sub-073_run-46_interictal_9660,sub-073,46,interictal,9660.0,240.0,,,,,,left,477,409,usable,78,0.11,sub-073/sub-073_run-46_interictal_9660.npz
sub-073_run-51_interictal_19140,sub-073,51,interictal,19140.0,240.0,,,,,,left,477,471,usable,64,0.24,sub-073/sub-073_run-51_interictal_19140.npz
sub-073_run-62_interictal_18000,sub-073,62,interictal,18000.0,240.0,,,,,,left,477,477,usable,66,0.17,sub-073/sub-073_run-62_interictal_18000.npz
sub-073_run-15_interictal_8100,sub-073,15,interictal,8100.0,240.0,,,,,,left,477,477,usable,68,0.19,sub-073/sub-073_run-15_interictal_8100.npz
sub-073_run-35_interictal_17880,sub-073,35,interictal,17880.0,240.0,,,,,,left,477,477,clean,75,0.08,sub-073/sub-073_run-35_interictal_17880.npz
sub-073_run-55_interictal_13140,sub-073,55,interictal,13140.0,240.0,,,,,,left,477,477,usable,88,0.23,sub-073/sub-073_run-55_interictal_13140.npz
sub-073_run-24_interictal_17940,sub-073,24,interictal,17940.0,240.0,,,,,,left,477,477,clean,55,0.03,sub-073/sub-073_run-24_interictal_17940.npz
sub-073_run-04_interictal_3540,sub-073,04,interictal,3540.0,240.0,,,,,,left,477,477,usable,62,0.12,sub-073/sub-073_run-04_interictal_3540.npz
sub-073_run-35_interictal_11220,sub-073,35,interictal,11220.0,240.0,,,,,,left,477,458,clean,76,0.10,sub-073/sub-073_run-35_interictal_11220.npz
sub-073_run-30_interictal_4740,sub-073,30,interictal,4740.0,240.0,,,,,,left,477,477,clean,78,0.08,sub-073/sub-073_run-30_interictal_4740.npz
sub-073_run-25_interictal_9240,sub-073,25,interictal,9240.0,240.0,,,,,,left,477,458,usable,66,0.17,sub-073/sub-073_run-25_interictal_9240.npz
sub-073_run-24_interictal_2940,sub-073,24,interictal,2940.0,240.0,,,,,,left,477,468,clean,72,0.09,sub-073/sub-073_run-24_interictal_2940.npz
sub-073_run-30_interictal_19380,sub-073,30,interictal,19380.0,240.0,,,,,,left,477,477,clean,77,0.10,sub-073/sub-073_run-30_interictal_19380.npz
sub-073_run-47_interictal_10920,sub-073,47,interictal,10920.0,240.0,,,,,,left,477,477,clean,70,0.04,sub-073/sub-073_run-47_interictal_10920.npz
sub-073_run-43_interictal_3720,sub-073,43,interictal,3720.0,240.0,,,,,,left,477,477,clean,68,0.05,sub-073/sub-073_run-43_interictal_3720.npz
sub-073_run-36_interictal_21000,sub-073,36,interictal,21000.0,240.0,,,,,,left,477,477,clean,60,0.05,sub-073/sub-073_run-36_interictal_21000.npz
sub-073_run-08_interictal_300,sub-073,08,interictal,300.0,240.0,,,,,,left,477,477,usable,82,0.13,sub-073/sub-073_run-08_interictal_300.npz
sub-073_run-30_interictal_10800,sub-073,30,interictal,10800.0,240.0,,,,,,left,477,477,clean,73,0.04,sub-073/sub-073_run-30_interictal_10800.npz
sub-073_run-56_interictal_17280,sub-073,56,interictal,17280.0,240.0,,,,,,left,477,477,clean,62,0.03,sub-073/sub-073_run-56_interictal_17280.npz
sub-073_run-45_interictal_4020,sub-073,45,interictal,4020.0,240.0,,,,,,left,477,477,clean,87,0.05,sub-073/sub-073_run-45_interictal_4020.npz
sub-073_run-61_interictal_1800,sub-073,61,interictal,1800.0,240.0,,,,,,left,477,477,clean,83,0.04,sub-073/sub-073_run-61_interictal_1800.npz
sub-073_run-42_interictal_16980,sub-073,42,interictal,16980.0,240.0,,,,,,left,477,477,clean,65,0.07,sub-073/sub-073_run-42_interictal_16980.npz
sub-073_run-24_interictal_16740,sub-073,24,interictal,16740.0,240.0,,,,,,left,477,477,clean,55,0.06,sub-073/sub-073_run-24_interictal_16740.npz
sub-073_run-46_interictal_19260,sub-073,46,interictal,19260.0,240.0,,,,,,left,477,477,clean,86,0.08,sub-073/sub-073_run-46_interictal_19260.npz
sub-073_run-57_interictal_9300,sub-073,57,interictal,9300.0,240.0,,,,,,left,477,465,usable,58,0.13,sub-073/sub-073_run-57_interictal_9300.npz
sub-087_run-01_preictal_1224,sub-087,01,preictal,1224.0,240.0,1464.0,unknown,un,temp,left,left,477,477,clean,87,0.06,sub-087/sub-087_run-01_preictal_1224.npz
sub-087_run-01_ictal_1464,sub-087,01,ictal,1464.0,68.0,1464.0,unknown,un,temp,left,left,133,133,clean,87,0.06,sub-087/sub-087_run-01_ictal_1464.npz
sub-087_run-02_preictal_2140,sub-087,02,preictal,2140.0,240.0,2380.0,yes,un,temp,left,left,477,477,clean,96,0.04,sub-087/sub-087_run-02_preictal_2140.npz
sub-087_run-02_ictal_2380,sub-087,02,ictal,2380.0,20.0,2380.0,yes,un,temp,left,left,37,37,clean,96,0.04,sub-087/sub-087_run-02_ictal_2380.npz
sub-087_run-02_preictal_3232,sub-087,02,preictal,3232.0,240.0,3472.0,no,un,temp,left,left,477,477,clean,102,0.03,sub-087/sub-087_run-02_preictal_3232.npz
sub-087_run-02_ictal_3472,sub-087,02,ictal,3472.0,17.0,3472.0,no,un,temp,left,left,31,31,clean,102,0.03,sub-087/sub-087_run-02_ictal_3472.npz
sub-087_run-03_preictal_2513,sub-087,03,preictal,2513.0,240.0,2753.0,yes,un,temp,left,left,477,477,clean,97,0.04,sub-087/sub-087_run-03_preictal_2513.npz
sub-087_run-03_ictal_2753,sub-087,03,ictal,2753.0,17.0,2753.0,yes,un,temp,left,left,31,31,clean,97,0.04,sub-087/sub-087_run-03_ictal_2753.npz
sub-087_run-04_preictal_176,sub-087,04,preictal,176.0,240.0,416.0,unknown,un,front_temp,left,left,477,477,clean,96,0.06,sub-087/sub-087_run-04_preictal_176.npz
sub-087_run-04_ictal_416,sub-087,04,ictal,416.0,82.0,416.0,unknown,un,front_temp,left,left,161,161,clean,96,0.06,sub-087/sub-087_run-04_ictal_416.npz
sub-087_run-06_preictal_478,sub-087,06,preictal,478.0,240.0,718.0,unknown,un,temp,left,left,477,477,clean,91,0.05,sub-087/sub-087_run-06_preictal_478.npz
sub-087_run-06_ictal_718,sub-087,06,ictal,718.0,24.0,718.0,unknown,un,temp,left,left,45,45,clean,91,0.05,sub-087/sub-087_run-06_ictal_718.npz
sub-087_run-06_preictal_1899,sub-087,06,preictal,1899.0,240.0,2139.0,no,un,temp,left,left,477,477,clean,88,0.08,sub-087/sub-087_run-06_preictal_1899.npz
sub-087_run-06_ictal_2139,sub-087,06,ictal,2139.0,23.0,2139.0,no,un,temp,left,left,43,43,clean,88,0.08,sub-087/sub-087_run-06_ictal_2139.npz
sub-087_run-06_preictal_2348,sub-087,06,preictal,2348.0,240.0,2588.0,no,un,temp,left,left,477,477,clean,84,0.09,sub-087/sub-087_run-06_preictal_2348.npz
sub-087_run-06_ictal_2588,sub-087,06,ictal,2588.0,36.0,2588.0,no,un,temp,left,left,69,69,clean,84,0.09,sub-087/sub-087_run-06_ictal_2588.npz
sub-087_run-08_preictal_1925,sub-087,08,preictal,1925.0,240.0,2165.0,yes,un,temp,left,left,477,477,clean,71,0.09,sub-087/sub-087_run-08_preictal_1925.npz
sub-087_run-08_ictal_2165,sub-087,08,ictal,2165.0,17.0,2165.0,yes,un,temp,left,left,31,31,clean,71,0.09,sub-087/sub-087_run-08_ictal_2165.npz
sub-087_run-08_preictal_3087,sub-087,08,preictal,3087.0,240.0,3327.0,no,un,temp,left,left,477,477,clean,76,0.07,sub-087/sub-087_run-08_preictal_3087.npz
sub-087_run-08_ictal_3327,sub-087,08,ictal,3327.0,13.0,3327.0,no,un,temp,left,left,23,23,clean,76,0.07,sub-087/sub-087_run-08_ictal_3327.npz
sub-087_run-09_preictal_335,sub-087,09,preictal,335.0,240.0,575.0,unknown,un,front_temp,left,left,477,477,usable,70,0.11,sub-087/sub-087_run-09_preictal_335.npz
sub-087_run-09_ictal_575,sub-087,09,ictal,575.0,25.0,575.0,unknown,un,front_temp,left,left,47,47,usable,70,0.11,sub-087/sub-087_run-09_ictal_575.npz
sub-087_run-10_preictal_299,sub-087,10,preictal,299.0,240.0,539.0,unknown,un,temp,left,left,477,476,usable,73,0.13,sub-087/sub-087_run-10_preictal_299.npz
sub-087_run-10_ictal_539,sub-087,10,ictal,539.0,14.0,539.0,unknown,un,temp,left,left,25,25,usable,73,0.13,sub-087/sub-087_run-10_ictal_539.npz
sub-087_run-10_preictal_3081,sub-087,10,preictal,3081.0,240.0,3321.0,yes,un,temp,left,left,477,477,usable,75,0.11,sub-087/sub-087_run-10_preictal_3081.npz
sub-087_run-10_ictal_3321,sub-087,10,ictal,3321.0,22.0,3321.0,yes,un,temp,left,left,41,41,usable,75,0.11,sub-087/sub-087_run-10_ictal_3321.npz
sub-087_run-11_preictal_68,sub-087,11,preictal,68.0,240.0,308.0,unknown,un,temp,left,left,477,477,clean,75,0.10,sub-087/sub-087_run-11_preictal_68.npz
sub-087_run-11_ictal_308,sub-087,11,ictal,308.0,13.0,308.0,unknown,un,temp,left,left,23,23,clean,75,0.10,sub-087/sub-087_run-11_ictal_308.npz
sub-087_run-12_preictal_2660,sub-087,12,preictal,2660.0,240.0,2900.0,yes,un,temp,left,left,477,477,clean,84,0.09,sub-087/sub-087_run-12_preictal_2660.npz
sub-087_run-12_ictal_2900,sub-087,12,ictal,2900.0,43.0,2900.0,yes,un,temp,left,left,83,83,clean,84,0.09,sub-087/sub-087_run-12_ictal_2900.npz
sub-087_run-13_preictal_1244,sub-087,13,preictal,1244.0,240.0,1484.0,no,un,front_temp,left,left,477,477,clean,83,0.10,sub-087/sub-087_run-13_preictal_1244.npz
sub-087_run-13_ictal_1484,sub-087,13,ictal,1484.0,30.0,1484.0,no,un,front_temp,left,left,57,57,clean,83,0.10,sub-087/sub-087_run-13_ictal_1484.npz
sub-087_run-13_preictal_1954,sub-087,13,preictal,1954.0,240.0,2194.0,no,un,front_temp,left,left,477,477,usable,91,0.12,sub-087/sub-087_run-13_preictal_1954.npz
sub-087_run-13_ictal_2194,sub-087,13,ictal,2194.0,15.0,2194.0,no,un,front_temp,left,left,27,27,usable,91,0.12,sub-087/sub-087_run-13_ictal_2194.npz
sub-087_run-13_preictal_2632,sub-087,13,preictal,2632.0,240.0,2872.0,no,un,front_temp,left,left,477,477,clean,102,0.08,sub-087/sub-087_run-13_preictal_2632.npz
sub-087_run-13_ictal_2872,sub-087,13,ictal,2872.0,17.0,2872.0,no,un,front_temp,left,left,31,31,clean,102,0.08,sub-087/sub-087_run-13_ictal_2872.npz
sub-087_run-14_preictal_2146,sub-087,14,preictal,2146.0,240.0,2386.0,yes,un,temp,left,left,477,477,usable,82,0.10,sub-087/sub-087_run-14_preictal_2146.npz
sub-087_run-14_ictal_2386,sub-087,14,ictal,2386.0,99.0,2386.0,yes,un,temp,left,left,195,195,usable,82,0.10,sub-087/sub-087_run-14_ictal_2386.npz
sub-087_run-15_preictal_1814,sub-087,15,preictal,1814.0,240.0,2054.0,yes,un,temp,left,left,477,477,clean,93,0.07,sub-087/sub-087_run-15_preictal_1814.npz
sub-087_run-15_ictal_2054,sub-087,15,ictal,2054.0,127.0,2054.0,yes,un,temp,left,left,251,251,clean,93,0.07,sub-087/sub-087_run-15_ictal_2054.npz
sub-087_run-16_preictal_443,sub-087,16,preictal,443.0,240.0,683.0,no,un,temp,left,left,477,477,clean,91,0.08,sub-087/sub-087_run-16_preictal_443.npz
sub-087_run-16_ictal_683,sub-087,16,ictal,683.0,66.0,683.0,no,un,temp,left,left,129,129,clean,91,0.08,sub-087/sub-087_run-16_ictal_683.npz
sub-087_run-16_preictal_2440,sub-087,16,preictal,2440.0,240.0,2680.0,yes,un,temp,left,left,477,477,clean,94,0.05,sub-087/sub-087_run-16_preictal_2440.npz
sub-087_run-16_ictal_2680,sub-087,16,ictal,2680.0,204.0,2680.0,yes,un,temp,left,left,405,405,clean,94,0.05,sub-087/sub-087_run-16_ictal_2680.npz
sub-087_run-18_preictal_3263,sub-087,18,preictal,3263.0,240.0,3503.0,yes,un,temp,left,left,477,477,clean,90,0.08,sub-087/sub-087_run-18_preictal_3263.npz
sub-087_run-18_ictal_3503,sub-087,18,ictal,3503.0,63.0,3503.0,yes,un,temp,left,left,123,123,clean,90,0.08,sub-087/sub-087_run-18_ictal_3503.npz
sub-087_run-20_preictal_1426,sub-087,20,preictal,1426.0,240.0,1666.0,unknown,un,temp,left,left,477,477,clean,92,0.10,sub-087/sub-087_run-20_preictal_1426.npz
sub-087_run-20_ictal_1666,sub-087,20,ictal,1666.0,83.0,1666.0,unknown,un,temp,left,left,163,163,clean,92,0.10,sub-087/sub-087_run-20_ictal_1666.npz
sub-087_run-21_preictal_1909,sub-087,21,preictal,1909.0,240.0,2149.0,yes,un,temp,left,left,477,477,clean,95,0.07,sub-087/sub-087_run-21_preictal_1909.npz
sub-087_run-21_ictal_2149,sub-087,21,ictal,2149.0,98.0,2149.0,yes,un,temp,left,left,193,193,clean,95,0.07,sub-087/sub-087_run-21_ictal_2149.npz
sub-087_run-21_preictal_3149,sub-087,21,preictal,3149.0,240.0,3389.0,no,un,temp,left,left,477,477,clean,106,0.03,sub-087/sub-087_run-21_preictal_3149.npz
sub-087_run-21_ictal_3389,sub-087,21,ictal,3389.0,81.0,3389.0,no,un,temp,left,left,159,159,clean,106,0.03,sub-087/sub-087_run-21_ictal_3389.npz
sub-087_run-22_preictal_1431,sub-087,22,preictal,1431.0,240.0,1671.0,no,un,temp,left,left,477,477,clean,105,0.02,sub-087/sub-087_run-22_preictal_1431.npz
sub-087_run-22_ictal_1671,sub-087,22,ictal,1671.0,124.0,1671.0,no,un,temp,left,left,245,245,clean,105,0.02,sub-087/sub-087_run-22_ictal_1671.npz
sub-087_run-23_preictal_3172,sub-087,23,preictal,3172.0,240.0,3412.0,yes,un,temp,left,left,477,477,clean,99,0.07,sub-087/sub-087_run-23_preictal_3172.npz
sub-087_run-23_ictal_3412,sub-087,23,ictal,3412.0,137.0,3412.0,yes,un,temp,left,left,271,271,clean,99,0.07,sub-087/sub-087_run-23_ictal_3412.npz
sub-087_run-24_preictal_2050,sub-087,24,preictal,2050.0,240.0,2290.0,yes,un,temp,left,left,477,477,clean,88,0.09,sub-087/sub-087_run-24_preictal_2050.npz
sub-087_run-24_ictal_2290,sub-087,24,ictal,2290.0,81.0,2290.0,yes,un,temp,left,left,159,159,clean,88,0.09,sub-087/sub-087_run-24_ictal_2290.npz
sub-087_run-25_preictal_938,sub-087,25,preictal,938.0,240.0,1178.0,no,un,temp,left,left,477,477,clean,96,0.07,sub-087/sub-087_run-25_preictal_938.npz
sub-087_run-25_ictal_1178,sub-087,25,ictal,1178.0,100.0,1178.0,no,un,temp,left,left,197,197,clean,96,0.07,sub-087/sub-087_run-25_ictal_1178.npz
sub-087_run-25_preictal_2366,sub-087,25,preictal,2366.0,240.0,2606.0,no,un,temp,left,left,477,477,clean,89,0.09,sub-087/sub-087_run-25_preictal_2366.npz
sub-087_run-25_ictal_2606,sub-087,25,ictal,2606.0,86.0,2606.0,no,un,temp,left,left,169,169,clean,89,0.09,sub-087/sub-087_run-25_ictal_2606.npz
sub-087_run-19_interictal_840,sub-087,19,interictal,840.0,240.0,,,,,,left,477,477,clean,98,0.04,sub-087/sub-087_run-19_interictal_840.npz
sub-087_run-03_interictal_360,sub-087,03,interictal,360.0,240.0,,,,,,left,477,477,usable,102,0.10,sub-087/sub-087_run-03_interictal_360.npz
sub-087_run-11_interictal_2640,sub-087,11,interictal,2640.0,240.0,,,,,,left,477,477,usable,76,0.11,sub-087/sub-087_run-11_interictal_2640.npz
sub-087_run-07_interictal_2880,sub-087,07,interictal,2880.0,240.0,,,,,,left,477,477,clean,84,0.03,sub-087/sub-087_run-07_interictal_2880.npz
sub-087_run-07_interictal_2580,sub-087,07,interictal,2580.0,240.0,,,,,,left,477,477,clean,84,0.03,sub-087/sub-087_run-07_interictal_2580.npz
sub-087_run-19_interictal_300,sub-087,19,interictal,300.0,240.0,,,,,,left,477,477,clean,100,0.06,sub-087/sub-087_run-19_interictal_300.npz
sub-087_run-07_interictal_2280,sub-087,07,interictal,2280.0,240.0,,,,,,left,477,477,clean,84,0.06,sub-087/sub-087_run-07_interictal_2280.npz
sub-087_run-12_interictal_540,sub-087,12,interictal,540.0,240.0,,,,,,left,477,477,usable,85,0.11,sub-087/sub-087_run-12_interictal_540.npz
sub-087_run-02_interictal_300,sub-087,02,interictal,300.0,240.0,,,,,,left,477,477,clean,91,0.05,sub-087/sub-087_run-02_interictal_300.npz
sub-087_run-11_interictal_2220,sub-087,11,interictal,2220.0,240.0,,,,,,left,477,477,usable,78,0.12,sub-087/sub-087_run-11_interictal_2220.npz
sub-087_run-12_interictal_300,sub-087,12,interictal,300.0,240.0,,,,,,left,477,477,usable,85,0.12,sub-087/sub-087_run-12_interictal_300.npz
sub-087_run-11_interictal_2880,sub-087,11,interictal,2880.0,240.0,,,,,,left,477,477,clean,77,0.09,sub-087/sub-087_run-11_interictal_2880.npz
sub-087_run-19_interictal_540,sub-087,19,interictal,540.0,240.0,,,,,,left,477,477,clean,97,0.06,sub-087/sub-087_run-19_interictal_540.npz
sub-087_run-12_interictal_840,sub-087,12,interictal,840.0,240.0,,,,,,left,477,477,clean,88,0.09,sub-087/sub-087_run-12_interictal_840.npz
sub-103_run-01_preictal_28411,sub-103,01,preictal,28411.0,240.0,28651.0,yes,un,ins,right,right,477,477,clean,70,0.05,sub-103/sub-103_run-01_preictal_28411.npz
sub-103_run-01_ictal_28651,sub-103,01,ictal,28651.0,6.0,28651.0,yes,un,ins,right,right,9,9,clean,70,0.05,sub-103/sub-103_run-01_ictal_28651.npz
sub-103_run-02_preictal_7531,sub-103,02,preictal,7531.0,240.0,7771.0,yes,asleep,ins,right,right,477,477,clean,64,0.05,sub-103/sub-103_run-02_preictal_7531.npz
sub-103_run-02_ictal_7771,sub-103,02,ictal,7771.0,15.0,7771.0,yes,asleep,ins,right,right,27,27,clean,64,0.05,sub-103/sub-103_run-02_ictal_7771.npz
sub-103_run-02_preictal_34105,sub-103,02,preictal,34105.0,240.0,34345.0,yes,asleep,ins,right,right,477,477,usable,72,0.14,sub-103/sub-103_run-02_preictal_34105.npz
sub-103_run-02_ictal_34345,sub-103,02,ictal,34345.0,15.0,34345.0,yes,asleep,ins,right,right,27,27,usable,72,0.14,sub-103/sub-103_run-02_ictal_34345.npz
sub-103_run-03_preictal_22528,sub-103,03,preictal,22528.0,240.0,22768.0,yes,asleep,ins,right,right,477,477,clean,84,0.05,sub-103/sub-103_run-03_preictal_22528.npz
sub-103_run-03_ictal_22768,sub-103,03,ictal,22768.0,13.0,22768.0,yes,asleep,ins,right,right,23,23,clean,84,0.05,sub-103/sub-103_run-03_ictal_22768.npz
sub-103_run-04_preictal_1855,sub-103,04,preictal,1855.0,240.0,2095.0,no,asleep,ins,right,right,477,477,clean,71,0.04,sub-103/sub-103_run-04_preictal_1855.npz
sub-103_run-04_ictal_2095,sub-103,04,ictal,2095.0,11.0,2095.0,no,asleep,ins,right,right,19,19,clean,71,0.04,sub-103/sub-103_run-04_ictal_2095.npz
sub-103_run-04_preictal_3578,sub-103,04,preictal,3578.0,240.0,3818.0,no,asleep,ins,right,right,477,477,clean,67,0.06,sub-103/sub-103_run-04_preictal_3578.npz
sub-103_run-04_ictal_3818,sub-103,04,ictal,3818.0,16.0,3818.0,no,asleep,ins,right,right,29,29,clean,67,0.06,sub-103/sub-103_run-04_ictal_3818.npz
sub-103_run-04_preictal_7992,sub-103,04,preictal,7992.0,240.0,8232.0,yes,asleep,ins,right,right,477,477,clean,65,0.05,sub-103/sub-103_run-04_preictal_7992.npz
sub-103_run-04_ictal_8232,sub-103,04,ictal,8232.0,15.0,8232.0,yes,asleep,ins,right,right,27,27,clean,65,0.05,sub-103/sub-103_run-04_ictal_8232.npz
sub-103_run-06_preictal_40931,sub-103,06,preictal,40931.0,240.0,41171.0,yes,asleep,ins,right,right,477,477,recovered,64,0.10,sub-103/sub-103_run-06_preictal_40931.npz
sub-103_run-06_ictal_41171,sub-103,06,ictal,41171.0,14.0,41171.0,yes,asleep,ins,right,right,25,25,recovered,64,0.10,sub-103/sub-103_run-06_ictal_41171.npz
sub-103_run-07_preictal_22421,sub-103,07,preictal,22421.0,240.0,22661.0,yes,asleep,ins,right,right,477,477,recovered,64,0.08,sub-103/sub-103_run-07_preictal_22421.npz
sub-103_run-07_ictal_22661,sub-103,07,ictal,22661.0,72.0,22661.0,yes,asleep,ins,right,right,141,40,recovered,64,0.08,sub-103/sub-103_run-07_ictal_22661.npz
sub-103_run-06_interictal_46980,sub-103,06,interictal,46980.0,240.0,,,,,,right,477,477,recovered,71,0.05,sub-103/sub-103_run-06_interictal_46980.npz
sub-103_run-06_interictal_57240,sub-103,06,interictal,57240.0,240.0,,,,,,right,477,477,clean,59,0.06,sub-103/sub-103_run-06_interictal_57240.npz
sub-103_run-02_interictal_44340,sub-103,02,interictal,44340.0,240.0,,,,,,right,477,477,usable,62,0.15,sub-103/sub-103_run-02_interictal_44340.npz
sub-103_run-02_interictal_46740,sub-103,02,interictal,46740.0,240.0,,,,,,right,477,477,usable,67,0.26,sub-103/sub-103_run-02_interictal_46740.npz
sub-103_run-01_interictal_44100,sub-103,01,interictal,44100.0,240.0,,,,,,right,477,477,clean,58,0.08,sub-103/sub-103_run-01_interictal_44100.npz
sub-103_run-01_interictal_39600,sub-103,01,interictal,39600.0,240.0,,,,,,right,477,477,clean,62,0.09,sub-103/sub-103_run-01_interictal_39600.npz
sub-103_run-02_interictal_23580,sub-103,02,interictal,23580.0,240.0,,,,,,right,477,477,clean,77,0.07,sub-103/sub-103_run-02_interictal_23580.npz
sub-103_run-04_interictal_47760,sub-103,04,interictal,47760.0,240.0,,,,,,right,477,477,recovered,66,0.06,sub-103/sub-103_run-04_interictal_47760.npz
sub-103_run-06_interictal_49080,sub-103,06,interictal,49080.0,240.0,,,,,,right,477,477,recovered,63,0.23,sub-103/sub-103_run-06_interictal_49080.npz
